Date,Open,High,Low,Close,Adj Close,Volume
"Jun 01, 2026",409.86,412.61,408.24,411.26,411.26,"6,088,100"
"May 29, 2026",415.62,421.82,415.08,417.12,417.12,"7,705,700"
"May 28, 2026",406.48,414.51,405.41,412.77,412.77,"7,184,100"
"May 27, 2026",404.34,409.25,404.30,408.49,408.49,"6,624,600"
"May 26, 2026",415.16,415.98,411.50,414.00,414.00,"5,098,400"
"May 22, 2026",415.17,415.68,412.00,413.82,413.82,"5,528,400"
"May 21, 2026",413.14,418.42,411.95,416.99,416.99,"4,679,900"
"May 20, 2026",412.14,417.99,410.08,417.40,417.40,"6,005,000"
"May 19, 2026",412.45,414.47,409.88,411.50,411.50,"5,419,400"
"May 18, 2026",419.82,420.93,416.06,418.43,418.43,"5,628,300"
"May 15, 2026",417.64,419.25,414.12,417.29,417.29,"9,360,400"
"May 14, 2026",430.30,431.54,427.10,427.21,427.21,"4,021,400"
"May 13, 2026",430.52,432.49,428.75,430.50,430.50,"4,180,300"
"May 12, 2026",430.70,432.98,425.85,432.93,432.93,"6,660,900"
"May 11, 2026",434.18,436.04,432.21,434.65,434.65,"5,569,100"
"May 08, 2026",434.05,436.20,431.70,433.77,433.77,"5,380,800"
"May 07, 2026",435.61,437.42,430.25,431.68,431.68,"6,816,200"
"May 06, 2026",430.15,433.19,429.60,430.96,430.96,"7,013,900"
"May 05, 2026",420.15,421.16,417.91,418.27,418.27,"4,279,900"
"May 04, 2026",418.84,420.86,413.28,414.71,414.71,"7,285,700"
"May 01, 2026",421.41,427.93,421.08,423.18,423.18,"5,911,500"
"Apr 30, 2026",425.34,425.46,422.74,423.66,423.66,"6,732,800"
"Apr 29, 2026",416.74,419.17,414.16,417.41,417.41,"6,452,600"
"Apr 28, 2026",420.72,422.52,418.40,421.91,421.91,"7,723,400"
"Apr 27, 2026",431.66,431.80,428.52,429.89,429.89,"6,105,200"
"Apr 24, 2026",431.34,435.28,430.65,433.25,433.25,"5,924,100"
"Apr 23, 2026",433.96,435.29,428.22,431.04,431.04,"4,976,400"
"Apr 22, 2026",436.27,437.17,433.78,435.26,435.26,"5,178,100"
"Apr 21, 2026",438.55,440.25,428.71,429.57,429.57,"9,480,000"
"Apr 20, 2026",443.13,443.42,440.05,442.09,442.09,"8,473,000"
"Apr 17, 2026",445.65,448.70,445.32,445.93,445.93,"9,712,000"
"Apr 16, 2026",442.15,442.98,438.18,440.08,440.08,"5,350,100"
"Apr 15, 2026",442.88,443.74,439.60,440.46,440.46,"6,455,900"
"Apr 14, 2026",439.32,445.18,439.02,445.09,445.09,"8,731,700"
"Apr 13, 2026",434.78,436.22,431.63,435.36,435.36,"5,549,400"
"Apr 10, 2026",438.59,440.35,436.00,437.13,437.13,"6,193,300"
"Apr 09, 2026",436.47,440.91,435.87,437.91,437.91,"6,748,500"
"Apr 08, 2026",439.98,440.44,431.31,434.53,434.53,"9,689,700"
"Apr 07, 2026",427.90,433.43,423.10,431.81,431.81,"7,263,500"
"Apr 06, 2026",428.87,431.49,426.71,427.65,427.65,"5,417,300"
"Apr 02, 2026",422.29,431.67,421.17,429.41,429.41,"10,838,600"
"Apr 01, 2026",435.00,440.19,433.76,437.82,437.82,"14,133,100"
"Mar 31, 2026",420.08,430.57,419.59,430.29,430.29,"14,534,300"
"Mar 30, 2026",419.54,420.10,412.66,414.58,414.58,"13,172,100"
"Mar 27, 2026",406.20,418.40,405.41,414.70,414.70,"16,580,700"
"Mar 26, 2026",408.53,411.37,400.26,400.64,400.64,"15,756,300"
"Mar 25, 2026",419.71,420.66,412.25,416.29,416.29,"15,713,200"
"Mar 24, 2026",400.24,407.29,399.20,404.13,404.13,"17,478,500"
"Mar 23, 2026",405.12,414.54,399.64,404.04,404.04,"36,796,800"
"Mar 20, 2026",428.09,428.59,411.23,413.38,413.38,"27,204,900"
"Mar 19, 2026",420.36,428.27,416.80,426.41,426.41,"30,206,000"
"Mar 18, 2026",446.66,450.06,444.39,444.74,444.74,"18,375,600"
"Mar 17, 2026",460.51,462.21,456.87,459.27,459.27,"7,610,100"
"Mar 16, 2026",461.27,462.80,456.91,460.43,460.43,"8,964,100"
"Mar 13, 2026",469.31,470.10,460.22,460.84,460.84,"11,741,600"
"Mar 12, 2026",475.02,475.02,466.60,466.88,466.88,"11,900,600"
"Mar 11, 2026",476.13,477.45,473.13,476.24,476.24,"7,522,900"
"Mar 10, 2026",479.74,481.31,474.21,477.86,477.86,"9,616,800"
"Mar 09, 2026",468.09,472.68,464.79,472.53,472.53,"8,829,800"
"Mar 06, 2026",469.04,475.46,467.07,473.51,473.51,"10,489,800"
"Mar 05, 2026",470.45,470.67,463.91,466.13,466.13,"11,674,800"
"Mar 04, 2026",474.82,476.42,469.39,471.80,471.80,"9,985,900"
"Mar 03, 2026",472.83,473.20,458.93,468.14,468.14,"22,591,500"
"Mar 02, 2026",490.10,492.15,483.28,490.00,490.00,"19,916,600"
"Feb 27, 2026",480.75,483.90,479.11,483.75,483.75,"16,795,100"
"Feb 26, 2026",474.95,477.83,442.04,477.48,477.48,"12,375,000"
"Feb 25, 2026",475.74,479.53,472.90,473.42,473.42,"12,954,300"
"Feb 24, 2026",470.09,475.44,469.55,474.61,474.61,"14,147,100"
"Feb 23, 2026",474.65,481.46,474.61,481.28,481.28,"17,441,600"
"Feb 20, 2026",463.25,468.62,458.34,468.62,468.62,"14,316,300"
"Feb 19, 2026",457.34,461.51,456.03,459.56,459.56,"8,411,400"
"Feb 18, 2026",455.81,460.51,455.32,458.28,458.28,"10,226,300"
"Feb 17, 2026",450.26,451.37,445.53,448.20,448.20,"10,976,100"
"Feb 13, 2026",459.73,463.84,456.25,462.62,462.62,"12,359,300"
"Feb 12, 2026",464.90,466.38,448.06,451.39,451.39,"20,488,800"
"Feb 11, 2026",466.00,468.61,462.82,467.63,467.63,"11,209,600"
"Feb 10, 2026",465.96,466.75,459.52,462.40,462.40,"7,861,600"
"Feb 09, 2026",461.39,467.56,460.85,467.03,467.03,"12,330,900"
"Feb 06, 2026",450.73,456.93,450.03,455.46,455.46,"12,663,900"
"Feb 05, 2026",444.29,450.90,440.35,441.88,441.88,"17,718,100"
"Feb 04, 2026",462.47,463.10,445.71,453.97,453.97,"24,427,900"
"Feb 03, 2026",452.63,459.00,448.31,454.29,454.29,"28,703,500"
"Feb 02, 2026",434.01,440.78,422.55,427.13,427.13,"41,626,200"
"Jan 30, 2026",466.25,470.06,430.80,444.95,444.95,"86,593,500"
"Jan 29, 2026",509.51,509.70,468.51,495.90,495.90,"69,970,900"
"Jan 28, 2026",483.39,495.88,481.25,494.56,494.56,"44,154,600"
"Jan 27, 2026",465.07,476.49,463.95,476.10,476.10,"28,386,200"
"Jan 26, 2026",466.78,469.28,460.36,464.70,464.70,"34,156,000"
"Jan 23, 2026",454.11,458.75,453.45,458.00,458.00,"21,531,900"
"Jan 22, 2026",443.84,452.98,443.56,451.79,451.79,"19,251,200"
"Jan 21, 2026",446.87,448.00,437.11,443.60,443.60,"38,830,200"
"Jan 20, 2026",436.69,438.14,434.10,437.23,437.23,"21,308,100"
"Jan 16, 2026",422.80,424.80,417.04,421.29,421.29,"20,951,600"
"Jan 15, 2026",423.02,425.06,422.79,423.33,423.33,"14,253,200"
"Jan 14, 2026",426.03,426.86,422.84,425.94,425.94,"18,305,500"
"Jan 13, 2026",424.59,426.12,420.07,421.63,421.63,"16,681,200"
"Jan 12, 2026",421.52,425.74,421.52,422.23,422.23,"20,904,100"
"Jan 09, 2026",413.22,415.29,411.80,414.47,414.47,"14,011,200"
"Jan 08, 2026",406.97,411.64,406.40,411.49,411.49,"8,705,900"
"Jan 07, 2026",408.63,410.81,406.65,409.23,409.23,"10,589,500"
"Jan 06, 2026",410.67,413.48,410.31,413.18,413.18,"11,640,900"
"Jan 05, 2026",406.39,409.72,406.15,408.76,408.76,"13,410,600"
"Jan 02, 2026",401.62,401.82,396.25,398.28,398.28,"10,372,600"
"Dec 31, 2025",398.60,400.13,395.59,396.31,396.31,"10,194,700"
"Dec 30, 2025",403.60,403.80,398.56,398.89,398.89,"10,179,000"
"Dec 29, 2025",403.66,403.76,395.33,398.60,398.60,"20,679,200"
"Dec 26, 2025",416.48,418.45,414.75,416.74,416.74,"10,476,200"
"Dec 24, 2025",412.25,412.63,408.83,411.93,411.93,"6,718,400"
"Dec 23, 2025",410.30,413.76,407.10,413.64,413.64,"13,193,300"
"Dec 22, 2025",406.98,408.52,405.72,408.23,408.23,"14,202,100"
"Dec 19, 2025",397.92,400.63,397.17,399.02,399.02,"9,894,800"
"Dec 18, 2025",398.28,402.21,396.05,398.57,398.57,"11,837,600"
"Dec 17, 2025",398.08,399.98,397.25,399.29,399.29,"10,456,900"
"Dec 16, 2025",397.75,398.71,394.59,395.89,395.89,"9,201,600"
"Dec 15, 2025",397.76,398.71,394.07,395.80,395.80,"11,345,000"
"Dec 12, 2025",399.16,400.39,391.47,395.44,395.44,"16,792,100"
"Dec 11, 2025",389.02,394.09,388.50,393.24,393.24,"11,240,600"
"Dec 10, 2025",385.95,389.76,384.50,389.05,389.05,"9,120,500"
"Dec 09, 2025",385.62,388.21,385.27,387.40,387.40,"6,358,700"
"Dec 08, 2025",387.02,387.24,384.01,385.42,385.42,"6,822,100"
"Dec 05, 2025",389.12,391.74,386.18,386.44,386.44,"9,449,800"
"Dec 04, 2025",386.92,388.00,385.40,387.13,387.13,"6,754,400"
"Dec 03, 2025",388.46,390.13,385.83,386.88,386.88,"7,886,800"
"Dec 02, 2025",388.87,388.98,382.91,387.24,387.24,"8,103,900"
"Dec 01, 2025",390.61,390.70,388.06,389.75,389.75,"11,177,100"
"Nov 28, 2025",385.98,388.00,384.99,387.88,387.88,"7,175,400"
"Nov 26, 2025",381.06,383.78,380.46,383.12,383.12,"9,184,100"
"Nov 25, 2025",380.26,382.52,378.06,380.08,380.08,"10,462,800"
"Nov 24, 2025",374.88,380.28,374.19,380.20,380.20,"10,085,300"
"Nov 21, 2025",374.03,377.23,372.94,374.27,374.27,"13,194,600"
"Nov 20, 2025",375.29,377.69,371.85,374.85,374.85,"10,506,500"
"Nov 19, 2025",377.78,380.17,373.03,374.96,374.96,"10,980,400"
"Nov 18, 2025",374.83,375.54,371.62,374.35,374.35,"7,818,800"
"Nov 17, 2025",374.04,375.46,368.52,371.65,371.65,"13,295,200"
"Nov 14, 2025",372.87,378.20,370.89,375.96,375.96,"15,198,000"
"Nov 13, 2025",387.29,388.18,381.21,382.87,382.87,"15,867,900"
"Nov 12, 2025",380.07,387.46,379.44,385.99,385.99,"16,203,700"
"Nov 11, 2025",379.98,380.40,376.87,379.87,379.87,"10,753,200"
"Nov 10, 2025",375.93,378.66,374.78,378.38,378.38,"13,456,200"
"Nov 07, 2025",367.94,370.42,366.42,368.31,368.31,"11,060,400"
"Nov 06, 2025",367.16,368.18,364.70,366.07,366.07,"6,891,100"
"Nov 05, 2025",366.39,367.10,364.65,366.51,366.51,"8,357,300"
"Nov 04, 2025",363.48,365.74,361.39,362.32,362.32,"11,540,100"
"Nov 03, 2025",368.91,370.84,367.54,368.78,368.78,"7,254,300"
"Oct 31, 2025",370.47,370.66,365.50,368.12,368.12,"11,077,900"
"Oct 30, 2025",365.09,370.36,364.50,370.13,370.13,"14,812,800"
"Oct 29, 2025",369.65,370.08,361.36,363.00,363.00,"18,891,800"
"Oct 28, 2025",361.81,365.30,360.12,364.38,364.38,"19,257,600"
"Oct 27, 2025",371.13,371.59,365.34,367.01,367.01,"23,657,600"
"Oct 24, 2025",378.51,380.77,376.81,377.52,377.52,"13,263,800"
"Oct 23, 2025",381.46,382.25,378.65,378.79,378.79,"13,695,500"
"Oct 22, 2025",372.75,378.47,368.93,377.28,377.28,"30,524,100"
"Oct 21, 2025",386.54,388.89,375.65,377.24,377.24,"54,101,400"
"Oct 20, 2025",397.45,403.30,394.20,403.15,403.15,"34,523,000"
"Oct 17, 2025",397.14,397.28,385.22,388.99,388.99,"62,025,000"
"Oct 16, 2025",391.15,396.87,390.40,396.45,396.45,"33,621,400"
"Oct 15, 2025",385.93,387.76,384.59,387.39,387.39,"20,598,300"
"Oct 14, 2025",378.21,382.38,377.90,380.79,380.79,"18,409,600"
"Oct 13, 2025",376.50,378.86,375.58,378.09,378.09,"18,514,400"
"Oct 10, 2025",367.54,370.31,365.44,369.12,369.12,"24,192,800"
"Oct 09, 2025",373.14,373.22,362.83,365.43,365.43,"33,674,800"
"Oct 08, 2025",371.65,373.57,370.50,372.30,372.30,"28,052,300"
"Oct 07, 2025",366.51,367.27,364.55,366.26,366.26,"16,836,800"
"Oct 06, 2025",362.16,365.30,361.37,364.38,364.38,"17,093,700"
"Oct 03, 2025",357.12,358.14,355.80,357.64,357.64,"14,464,000"
"Oct 02, 2025",358.26,358.67,351.40,354.79,354.79,"16,162,100"
"Oct 01, 2025",356.17,356.97,354.79,356.03,356.03,"15,573,600"
"Sep 30, 2025",351.13,355.57,350.87,355.47,355.47,"13,312,400"
"Sep 29, 2025",351.79,352.83,351.28,352.46,352.46,"15,719,600"
"Sep 26, 2025",345.83,348.25,345.31,346.74,346.74,"11,698,200"
"Sep 25, 2025",344.39,345.83,342.47,344.75,344.75,"12,639,600"
"Sep 24, 2025",346.70,346.83,342.14,343.32,343.32,"12,709,100"
"Sep 23, 2025",348.23,348.75,345.32,346.46,346.46,"18,384,000"
"Sep 22, 2025",342.75,345.07,341.84,345.05,345.05,"12,386,400"
"Sep 19, 2025",336.51,339.23,336.31,339.18,339.18,"14,982,600"
"Sep 18, 2025",336.22,336.32,333.81,335.62,335.62,"14,913,300"
"Sep 17, 2025",338.53,341.24,335.52,336.97,336.97,"16,535,300"
"Sep 16, 2025",340.09,340.88,338.62,339.59,339.59,"12,161,500"
"Sep 15, 2025",336.31,339.28,336.23,338.91,338.91,"10,569,900"
"Sep 12, 2025",335.88,336.39,335.23,335.42,335.42,"9,619,700"
"Sep 11, 2025",333.37,335.16,332.97,334.76,334.76,"9,082,600"
"Sep 10, 2025",335.73,336.50,326.19,335.26,335.26,"11,945,700"
"Sep 09, 2025",337.03,338.31,333.85,334.06,334.06,"21,641,900"
"Sep 08, 2025",333.66,335.67,333.23,334.82,334.82,"18,617,300"
"Sep 05, 2025",329.53,331.44,328.93,331.05,331.05,"16,065,200"
"Sep 04, 2025",327.03,327.56,325.35,326.69,326.69,"11,703,100"
"Sep 03, 2025",327.76,329.45,326.73,328.14,328.14,"16,062,200"
"Sep 02, 2025",320.82,325.92,320.24,325.59,325.59,"21,247,500"
"Aug 29, 2025",314.72,318.09,314.64,318.07,318.07,"15,642,600"
"Aug 28, 2025",313.32,315.08,313.07,315.03,315.03,"9,610,200"
"Aug 27, 2025",311.39,312.91,310.77,312.71,312.71,"4,320,100"
"Aug 26, 2025",310.62,312.21,310.31,312.08,312.08,"11,698,500"
"Aug 25, 2025",309.67,310.84,309.67,309.83,309.83,"4,044,400"
"Aug 22, 2025",306.52,311.02,306.43,310.58,310.58,"8,526,500"
"Aug 21, 2025",307.86,308.15,307.03,307.29,307.29,"4,809,000"
"Aug 20, 2025",307.54,308.47,307.40,308.36,308.36,"6,515,400"
"Aug 19, 2025",306.76,307.48,305.19,305.27,305.27,"5,029,900"
"Aug 18, 2025",307.79,307.89,306.63,306.95,306.95,"6,150,100"
"Aug 15, 2025",307.34,308.00,306.87,307.43,307.43,"5,990,100"
"Aug 14, 2025",307.93,308.34,306.52,307.25,307.25,"5,817,700"
"Aug 13, 2025",309.10,310.39,308.45,309.21,309.21,"4,718,600"
"Aug 12, 2025",308.22,309.31,306.71,308.27,308.27,"9,697,400"
"Aug 11, 2025",308.62,309.66,307.63,308.55,308.55,"10,326,700"
"Aug 08, 2025",312.35,313.53,311.00,313.05,313.05,"19,886,800"
"Aug 07, 2025",311.72,313.14,310.70,313.12,313.12,"10,891,500"
"Aug 06, 2025",310.32,311.24,309.84,310.50,310.50,"7,418,200"
"Aug 05, 2025",310.37,312.24,310.22,311.16,311.16,"6,997,700"
"Aug 04, 2025",310.80,311.74,310.37,310.91,310.91,"7,639,000"
"Aug 01, 2025",308.61,309.55,307.45,309.11,309.11,"12,843,400"
"Jul 31, 2025",304.59,304.61,302.86,302.96,302.96,"8,981,000"
"Jul 30, 2025",304.42,304.65,300.96,300.96,300.96,"13,459,600"
"Jul 29, 2025",305.80,307.03,304.99,306.25,306.25,"5,741,100"
"Jul 28, 2025",306.44,306.58,304.05,305.41,305.41,"9,275,400"
"Jul 25, 2025",307.82,308.31,306.20,307.40,307.40,"9,376,400"
"Jul 24, 2025",309.29,310.99,309.06,310.27,310.27,"7,698,800"
"Jul 23, 2025",314.00,314.96,311.42,312.18,312.18,"10,547,500"
"Jul 22, 2025",314.48,316.24,313.62,316.10,316.10,"13,691,800"
"Jul 21, 2025",311.88,313.31,311.61,313.13,313.13,"10,995,800"
"Jul 18, 2025",309.24,309.37,308.32,308.39,308.39,"5,574,300"
"Jul 17, 2025",305.50,307.67,305.12,307.59,307.59,"6,642,300"
"Jul 16, 2025",307.11,311.09,305.73,308.26,308.26,"17,693,100"
"Jul 15, 2025",307.73,308.74,305.79,306.73,306.73,"8,149,000"
"Jul 14, 2025",309.07,309.38,307.73,308.01,308.01,"5,772,900"
"Jul 11, 2025",308.86,310.28,308.52,309.14,309.14,"9,187,300"
"Jul 10, 2025",306.11,306.51,304.82,306.20,306.20,"7,053,700"
"Jul 09, 2025",303.58,305.54,303.23,305.52,305.52,"10,644,100"
"Jul 08, 2025",306.30,306.45,302.77,304.16,304.16,"11,840,500"
"Jul 07, 2025",305.07,307.71,304.53,307.37,307.37,"7,351,600"
"Jul 03, 2025",307.05,307.57,306.15,307.14,307.14,"5,275,800"
"Jul 02, 2025",308.04,309.40,306.96,309.25,309.25,"8,316,400"
"Jul 01, 2025",308.56,309.00,307.36,307.55,307.55,"9,335,600"
"Jun 30, 2025",302.39,304.92,301.95,304.83,304.83,"8,192,100"
"Jun 27, 2025",300.03,302.36,299.89,301.22,301.22,"13,301,300"
"Jun 26, 2025",305.77,307.28,304.86,306.78,306.78,"6,787,500"
"Jun 25, 2025",305.31,307.36,305.12,307.12,307.12,"6,733,200"
"Jun 24, 2025",305.07,306.34,303.54,306.19,306.19,"12,035,200"
"Jun 23, 2025",310.34,312.67,310.31,311.08,311.08,"12,687,900"
"Jun 20, 2025",309.33,310.89,309.25,310.13,310.13,"8,794,700"
"Jun 18, 2025",312.89,312.98,309.86,310.26,310.26,"9,370,800"
"Jun 17, 2025",312.66,313.00,310.12,311.94,311.94,"8,234,100"
"Jun 16, 2025",314.80,314.87,311.65,311.78,311.78,"12,848,400"
"Jun 13, 2025",317.26,317.60,315.04,316.29,316.29,"16,592,900"
"Jun 12, 2025",311.74,313.10,311.15,312.20,312.20,"11,531,400"
"Jun 11, 2025",307.50,308.62,305.85,308.37,308.37,"9,248,800"
"Jun 10, 2025",308.31,308.60,305.87,306.71,306.71,"7,071,700"
"Jun 09, 2025",305.39,307.61,305.06,306.62,306.62,"7,159,000"
"Jun 06, 2025",309.09,309.20,305.10,305.18,305.18,"7,787,500"
"Jun 05, 2025",311.24,312.20,307.65,309.33,309.33,"10,817,800"
"Jun 04, 2025",309.41,311.88,308.74,310.90,310.90,"7,462,500"
"Jun 03, 2025",309.56,309.56,307.15,308.91,308.91,"9,315,100"
"Jun 02, 2025",309.21,311.72,308.72,311.67,311.67,"13,593,200"
"May 30, 2025",303.64,304.02,301.50,303.60,303.60,"9,553,300"
"May 29, 2025",305.74,306.89,304.46,305.61,305.61,"9,487,900"
"May 28, 2025",304.64,304.99,303.06,303.81,303.81,"8,803,300"
"May 27, 2025",303.81,304.88,302.74,304.50,304.50,"9,578,500"
"May 23, 2025",308.86,310.25,307.47,309.75,309.75,"13,339,500"
"May 22, 2025",305.09,305.28,302.10,303.11,303.11,"9,704,200"
"May 21, 2025",304.55,306.46,303.67,305.82,305.82,"12,414,500"
"May 20, 2025",298.35,303.68,298.30,303.58,303.58,"12,851,000"
"May 19, 2025",297.85,298.58,296.48,298.03,298.03,"11,656,300"
"May 16, 2025",292.62,294.58,291.78,294.24,294.24,"14,173,000"
"May 15, 2025",294.10,297.90,293.75,297.84,297.84,"13,497,700"
"May 14, 2025",293.67,294.80,291.96,293.16,293.16,"14,800,600"
"May 13, 2025",299.02,300.30,297.24,299.46,299.46,"10,233,600"
"May 12, 2025",298.33,299.47,296.82,298.19,298.19,"14,375,900"
"May 09, 2025",307.79,308.57,306.01,306.84,306.84,"6,913,100"
"May 08, 2025",309.76,310.48,303.05,304.63,304.63,"11,927,600"
"May 07, 2025",312.10,313.26,310.08,310.75,310.75,"7,888,300"
"May 06, 2025",313.12,315.62,311.40,315.48,315.48,"11,445,300"
"May 05, 2025",305.92,307.65,304.68,306.88,306.88,"8,924,000"
"May 02, 2025",300.17,300.85,297.03,297.98,297.98,"8,678,400"
"May 01, 2025",297.41,297.94,295.32,297.46,297.46,"14,969,100"
"Apr 30, 2025",304.61,306.07,303.44,303.77,303.77,"8,331,900"
"Apr 29, 2025",305.81,306.95,304.00,306.06,306.06,"6,852,100"
"Apr 28, 2025",304.15,309.11,302.97,309.07,309.07,"9,375,500"
"Apr 25, 2025",301.78,305.37,301.01,304.73,304.73,"10,691,600"
"Apr 24, 2025",306.98,308.50,304.71,308.07,308.07,"10,845,000"
"Apr 23, 2025",304.18,304.74,300.59,303.65,303.65,"25,421,500"
"Apr 22, 2025",317.49,317.63,310.36,311.11,311.11,"35,242,300"
"Apr 21, 2025",315.02,316.41,313.95,315.59,315.59,"20,372,300"
"Apr 17, 2025",306.31,307.13,302.73,306.12,306.12,"18,287,800"
"Apr 16, 2025",304.65,308.06,303.80,307.47,307.47,"20,778,100"
"Apr 15, 2025",296.93,298.02,296.09,297.78,297.78,"7,924,100"
"Apr 14, 2025",295.54,296.58,294.53,296.23,296.23,"12,427,600"
"Apr 11, 2025",297.96,299.27,296.81,297.93,297.93,"21,080,100"
"Apr 10, 2025",288.81,292.86,287.23,292.35,292.35,"19,837,800"
"Apr 09, 2025",282.22,285.87,281.04,285.38,285.38,"25,342,200"
"Apr 08, 2025",277.87,278.32,274.24,275.20,275.20,"12,639,500"
"Apr 07, 2025",278.86,280.14,272.58,273.71,273.71,"19,807,000"
"Apr 04, 2025",283.64,284.03,278.02,279.72,279.72,"21,517,200"
"Apr 03, 2025",282.78,289.09,282.45,286.42,286.42,"20,524,400"
"Apr 02, 2025",288.28,289.03,287.36,288.16,288.16,"11,074,800"
"Apr 01, 2025",288.54,289.13,285.91,287.57,287.57,"15,923,600"
"Mar 31, 2025",287.53,288.39,285.85,288.14,288.14,"13,925,100"
"Mar 28, 2025",283.82,284.64,282.86,284.06,284.06,"9,563,700"
"Mar 27, 2025",280.55,282.07,279.59,281.97,281.97,"8,476,300"
"Mar 26, 2025",278.93,279.02,277.78,278.24,278.24,"3,717,500"
"Mar 25, 2025",278.78,279.96,278.27,278.47,278.47,"5,090,200"
"Mar 24, 2025",278.91,279.09,276.86,277.25,277.25,"7,870,100"
"Mar 21, 2025",279.46,279.46,276.59,278.49,278.49,"9,359,300"
"Mar 20, 2025",279.49,280.90,279.43,280.75,280.75,"5,863,300"
"Mar 19, 2025",279.85,281.48,279.06,281.11,281.11,"8,822,200"
"Mar 18, 2025",279.90,280.21,278.97,279.96,279.96,"9,596,500"
"Mar 17, 2025",275.54,276.79,275.39,276.73,276.73,"8,583,400"
"Mar 14, 2025",276.27,276.30,274.66,275.24,275.24,"13,365,000"
"Mar 13, 2025",271.57,275.35,271.55,275.13,275.13,"13,741,500"
"Mar 12, 2025",268.47,271.23,268.36,270.33,270.33,"7,236,200"
"Mar 11, 2025",268.47,269.73,268.44,269.16,269.16,"8,436,600"
"Mar 10, 2025",267.62,268.44,265.64,266.04,266.04,"7,593,900"
"Mar 07, 2025",269.09,270.34,267.64,268.39,268.39,"10,431,200"
"Mar 06, 2025",268.25,269.51,268.16,268.25,268.25,"6,136,400"
"Mar 05, 2025",267.97,270.26,267.96,269.62,269.62,"6,990,400"
"Mar 04, 2025",269.01,269.40,267.52,269.06,269.06,"8,481,300"
"Mar 03, 2025",265.07,266.88,265.07,266.74,266.74,"7,725,600"
"Feb 28, 2025",262.56,263.40,261.25,263.27,263.27,"11,504,500"
"Feb 27, 2025",266.49,266.67,264.45,264.93,264.93,"9,374,600"
"Feb 26, 2025",267.08,269.08,266.66,269.03,269.03,"7,276,000"
"Feb 25, 2025",271.46,271.68,266.45,268.62,268.62,"10,079,800"
"Feb 24, 2025",271.45,272.32,270.38,272.21,272.21,"5,374,400"
"Feb 21, 2025",270.80,271.51,269.51,270.74,270.74,"8,917,400"
"Feb 20, 2025",270.23,271.84,270.17,270.99,270.99,"7,356,900"
"Feb 19, 2025",270.68,271.33,269.24,270.85,270.85,"9,342,500"
"Feb 18, 2025",269.68,271.01,269.60,270.70,270.70,"8,185,900"
"Feb 14, 2025",270.07,270.21,265.45,266.29,266.29,"11,546,700"
"Feb 13, 2025",268.40,270.39,268.22,270.31,270.31,"8,347,500"
"Feb 12, 2025",267.15,268.43,266.35,267.67,267.67,"9,328,600"
"Feb 11, 2025",267.70,268.36,266.71,267.39,267.39,"7,169,500"
"Feb 10, 2025",268.00,268.66,267.24,268.37,268.37,"13,250,300"
"Feb 07, 2025",265.22,266.35,263.26,263.90,263.90,"9,154,000"
"Feb 06, 2025",263.66,263.72,261.49,263.43,263.43,"8,731,400"
"Feb 05, 2025",264.45,265.99,263.89,264.13,264.13,"12,681,100"
"Feb 04, 2025",261.83,262.54,261.35,262.50,262.50,"9,850,400"
"Feb 03, 2025",259.75,261.39,259.52,259.94,259.94,"11,521,100"
"Jan 31, 2025",259.08,259.99,257.86,258.56,258.56,"8,961,100"
"Jan 30, 2025",257.20,258.29,256.45,258.05,258.05,"12,981,200"
"Jan 29, 2025",254.55,254.82,253.30,254.20,254.20,"5,671,800"
"Jan 28, 2025",254.23,255.25,253.89,255.18,255.18,"5,332,000"
"Jan 27, 2025",253.86,254.26,251.92,252.99,252.99,"5,799,800"
"Jan 24, 2025",255.96,257.07,255.61,255.65,255.65,"7,341,300"
"Jan 23, 2025",253.19,254.54,252.82,254.07,254.07,"6,511,500"
"Jan 22, 2025",254.29,254.68,253.78,254.43,254.43,"5,213,800"
"Jan 21, 2025",251.95,253.36,251.83,253.13,253.13,"7,668,100"
"Jan 17, 2025",249.70,250.81,249.15,249.27,249.27,"8,312,900"
"Jan 16, 2025",250.56,251.39,250.27,250.60,250.60,"9,236,000"
"Jan 15, 2025",248.21,248.90,247.01,248.88,248.88,"6,345,000"
"Jan 14, 2025",245.62,247.04,245.52,247.03,247.03,"4,914,800"
"Jan 13, 2025",246.34,246.79,245.15,245.74,245.74,"8,448,600"
"Jan 10, 2025",248.01,249.04,247.55,248.21,248.21,"12,380,100"
"Jan 08, 2025",245.72,246.45,244.51,245.86,245.86,"6,303,300"
"Jan 07, 2025",245.52,245.77,243.81,244.56,244.56,"5,090,300"
"Jan 06, 2025",242.33,243.79,242.05,243.19,243.19,"3,758,900"
"Jan 03, 2025",244.56,244.82,243.36,243.49,243.49,"4,872,100"
"Jan 02, 2025",244.22,245.53,244.08,245.42,245.42,"6,241,900"
"Dec 31, 2024",241.05,242.52,241.05,242.13,242.13,"2,522,100"
"Dec 30, 2024",241.08,241.08,239.58,240.63,240.63,"3,522,500"
"Dec 27, 2024",241.20,241.95,241.05,241.40,241.40,"4,728,100"
"Dec 26, 2024",242.39,243.56,242.20,243.07,243.07,"4,645,100"
"Dec 24, 2024",241.49,241.66,240.82,241.44,241.44,"2,421,000"
"Dec 23, 2024",241.60,241.67,240.65,240.96,240.96,"5,835,500"
"Dec 20, 2024",241.41,242.96,241.17,242.10,242.10,"9,527,800"
"Dec 19, 2024",239.67,240.05,238.73,239.60,239.60,"8,111,400"
"Dec 18, 2024",243.57,243.71,238.82,239.26,239.26,"8,015,800"
"Dec 17, 2024",243.80,244.55,243.23,243.94,243.94,"4,421,300"
"Dec 16, 2024",245.41,245.54,244.29,244.88,244.88,"3,310,000"
"Dec 13, 2024",245.67,245.94,244.27,244.29,244.29,"6,602,600"
"Dec 12, 2024",247.81,248.24,246.87,247.28,247.28,"10,149,600"
"Dec 11, 2024",249.35,251.26,248.97,250.96,250.96,"11,033,800"
"Dec 10, 2024",247.86,248.86,247.83,248.59,248.59,"4,642,000"
"Dec 09, 2024",246.28,247.11,245.26,245.36,245.36,"4,711,500"
"Dec 06, 2024",242.79,243.86,242.44,242.95,242.95,"3,540,700"
"Dec 05, 2024",244.16,244.38,242.15,242.86,242.86,"4,806,200"
"Dec 04, 2024",244.93,245.34,244.37,244.67,244.67,"4,608,600"
"Dec 03, 2024",244.96,245.18,243.30,243.93,243.93,"3,557,800"
"Dec 02, 2024",244.46,244.58,243.14,243.44,243.44,"4,765,000"
"Nov 29, 2024",245.25,245.81,244.73,245.59,245.59,"2,708,500"
"Nov 27, 2024",244.85,245.18,243.20,243.49,243.49,"6,930,600"
"Nov 26, 2024",242.71,243.09,241.58,242.95,242.95,"4,945,900"
"Nov 25, 2024",244.27,244.40,241.48,242.48,242.48,"10,733,100"
"Nov 22, 2024",248.20,250.39,247.86,249.84,249.84,"7,503,000"
"Nov 21, 2024",246.23,246.81,245.69,246.66,246.66,"7,646,400"
"Nov 20, 2024",243.74,245.21,243.51,244.62,244.62,"6,630,700"
"Nov 19, 2024",242.75,243.31,242.03,243.25,243.25,"6,579,100"
"Nov 18, 2024",240.46,241.50,240.45,241.09,241.09,"6,323,400"
"Nov 15, 2024",237.57,237.88,236.33,236.59,236.59,"7,299,500"
"Nov 14, 2024",236.57,237.99,236.13,237.01,237.01,"8,262,400"
"Nov 13, 2024",241.31,241.47,237.59,237.63,237.63,"8,431,700"
"Nov 12, 2024",241.29,241.66,239.39,240.05,240.05,"10,145,500"
"Nov 11, 2024",242.73,242.73,241.06,242.14,242.14,"11,653,800"
"Nov 08, 2024",249.07,249.35,247.78,247.96,247.96,"6,267,900"
"Nov 07, 2024",248.29,250.24,248.12,249.65,249.65,"8,821,400"
"Nov 06, 2024",245.64,247.35,244.95,245.70,245.70,"14,600,200"
"Nov 05, 2024",253.78,253.99,252.41,253.40,253.40,"6,029,900"
"Nov 04, 2024",253.32,253.58,252.27,252.83,252.83,"4,581,400"
"Nov 01, 2024",254.33,254.86,252.44,252.47,252.47,"6,473,000"
"Oct 31, 2024",255.52,255.60,252.20,253.51,253.51,"9,930,800"
"Oct 30, 2024",256.76,257.71,255.91,257.50,257.50,"6,386,200"
"Oct 29, 2024",254.49,256.29,254.23,256.09,256.09,"8,875,500"
"Oct 28, 2024",253.01,253.63,252.95,253.33,253.33,"4,029,100"
"Oct 25, 2024",252.00,253.55,251.77,253.32,253.32,"4,424,500"
"Oct 24, 2024",253.27,253.32,251.40,252.80,252.80,"5,962,200"
"Oct 23, 2024",253.08,253.18,250.20,250.87,250.87,"8,081,000"
"Oct 22, 2024",253.06,253.94,252.52,253.93,253.93,"5,756,300"
"Oct 21, 2024",252.74,253.14,250.73,251.22,251.22,"9,258,600"
"Oct 18, 2024",250.00,251.37,249.90,251.27,251.27,"7,833,600"
"Oct 17, 2024",247.75,249.06,247.62,248.63,248.63,"5,176,200"
"Oct 16, 2024",247.62,248.09,246.36,247.15,247.15,"5,431,900"
"Oct 15, 2024",244.99,246.55,244.53,245.92,245.92,"5,640,800"
"Oct 14, 2024",245.16,245.86,244.26,245.07,245.07,"3,922,900"
"Oct 11, 2024",244.50,245.92,244.47,245.47,245.47,"5,789,500"
"Oct 10, 2024",241.77,243.02,241.51,242.82,242.82,"4,792,700"
"Oct 09, 2024",241.16,241.84,240.64,241.05,241.05,"4,120,500"
"Oct 08, 2024",243.79,244.04,240.63,242.37,242.37,"7,669,800"
"Oct 07, 2024",244.58,244.82,243.81,244.17,244.17,"3,849,000"
"Oct 04, 2024",245.00,246.69,244.05,245.00,245.00,"5,947,800"
"Oct 03, 2024",244.72,245.91,243.69,245.49,245.49,"5,674,500"
"Oct 02, 2024",245.61,246.07,243.99,245.66,245.66,"6,798,800"
"Oct 01, 2024",245.20,246.98,245.06,245.61,245.61,"10,605,500"
"Sep 30, 2024",243.97,244.08,242.50,243.06,243.06,"6,916,700"
"Sep 27, 2024",246.31,246.75,244.19,245.02,245.02,"8,329,600"
"Sep 26, 2024",246.44,247.37,245.19,246.98,246.98,"7,041,100"
"Sep 25, 2024",246.19,246.47,244.79,245.73,245.73,"7,393,400"
"Sep 24, 2024",243.39,246.19,243.15,246.07,246.07,"8,386,300"
"Sep 23, 2024",242.97,243.46,242.59,242.68,242.68,"5,426,200"
"Sep 20, 2024",241.11,242.63,240.47,242.21,242.21,"7,737,400"
"Sep 19, 2024",238.24,239.52,237.39,239.17,239.17,"6,108,200"
"Sep 18, 2024",238.19,240.29,235.30,235.51,235.51,"11,081,100"
"Sep 17, 2024",238.08,238.60,236.61,237.34,237.34,"5,257,100"
"Sep 16, 2024",238.73,239.28,238.05,238.66,238.66,"4,713,500"
"Sep 13, 2024",238.13,238.98,237.76,238.68,238.68,"7,455,100"
"Sep 12, 2024",234.63,236.45,234.42,236.33,236.33,"9,930,200"
"Sep 11, 2024",231.72,232.87,231.09,232.25,232.25,"4,637,300"
"Sep 10, 2024",232.39,232.74,231.12,232.62,232.62,"4,378,300"
"Sep 09, 2024",231.26,231.62,230.39,231.60,231.60,"3,548,800"
"Sep 06, 2024",231.83,232.76,229.62,230.63,230.63,"6,315,800"
"Sep 05, 2024",232.72,232.89,231.33,232.35,232.35,"4,838,100"
"Sep 04, 2024",229.79,231.06,229.38,230.43,230.43,"4,696,000"
"Sep 03, 2024",230.38,230.54,228.52,230.29,230.29,"6,417,900"
"Aug 30, 2024",232.53,232.86,230.55,231.29,231.29,"5,743,000"
"Aug 29, 2024",231.95,233.61,231.92,232.95,232.95,"5,524,200"
"Aug 28, 2024",232.00,232.02,230.73,231.75,231.75,"4,961,500"
"Aug 27, 2024",231.69,233.47,231.57,233.39,233.39,"4,435,600"
"Aug 26, 2024",233.45,233.50,232.06,232.76,232.76,"3,151,400"
"Aug 23, 2024",231.04,232.73,230.52,232.02,232.02,"5,418,200"
"Aug 22, 2024",230.35,230.38,228.26,229.37,229.37,"5,765,400"
"Aug 21, 2024",231.69,232.87,230.48,232.15,232.15,"5,337,400"
"Aug 20, 2024",233.71,234.01,231.13,232.46,232.46,"9,073,600"
"Aug 19, 2024",230.15,231.78,229.74,231.61,231.61,"5,164,800"
"Aug 16, 2024",229.99,232.02,229.01,231.99,231.99,"11,924,500"
"Aug 15, 2024",226.51,227.50,225.12,226.91,226.91,"5,273,300"
"Aug 14, 2024",226.55,227.48,225.35,226.20,226.20,"5,462,500"
"Aug 13, 2024",228.07,228.87,227.59,228.06,228.06,"6,740,200"
"Aug 12, 2024",226.14,228.54,225.97,228.41,228.41,"5,561,300"
"Aug 09, 2024",224.82,225.28,223.82,224.56,224.56,"4,441,000"
"Aug 08, 2024",222.73,224.25,222.52,224.01,224.01,"6,327,100"
"Aug 07, 2024",221.94,222.31,220.35,220.55,220.55,"5,287,800"
"Aug 06, 2024",221.50,222.14,220.11,220.70,220.70,"14,362,300"
"Aug 05, 2024",220.56,223.10,220.24,222.48,222.48,"8,939,000"
"Aug 02, 2024",227.95,228.76,222.87,225.34,225.34,"11,109,400"
"Aug 01, 2024",226.74,227.57,225.05,225.77,225.77,"7,217,200"
"Jul 31, 2024",223.73,226.60,223.64,226.55,226.55,"7,316,600"
"Jul 30, 2024",221.41,222.92,220.36,222.52,222.52,"4,939,500"
"Jul 29, 2024",221.26,221.55,219.05,220.32,220.32,"4,665,100"
"Jul 26, 2024",219.96,221.04,219.70,220.63,220.63,"6,328,800"
"Jul 25, 2024",219.02,219.26,217.52,218.33,218.33,"9,777,100"
"Jul 24, 2024",223.47,224.88,221.74,221.80,221.80,"6,838,800"
"Jul 23, 2024",222.34,222.75,221.86,222.58,222.58,"4,435,700"
"Jul 22, 2024",221.58,221.92,220.40,221.80,221.80,"5,334,100"
"Jul 19, 2024",221.52,222.68,221.41,221.73,221.73,"8,666,000"
"Jul 18, 2024",227.71,228.32,225.57,225.78,225.78,"5,485,500"
"Jul 17, 2024",228.79,229.65,226.67,227.23,227.23,"8,620,500"
"Jul 16, 2024",225.45,228.29,225.30,228.29,228.29,"11,070,700"
"Jul 15, 2024",223.39,225.59,223.02,223.83,223.83,"5,719,300"
"Jul 12, 2024",222.03,223.62,221.86,223.11,223.11,"5,179,300"
"Jul 11, 2024",222.65,224.15,221.48,223.25,223.25,"9,322,000"
"Jul 10, 2024",220.14,220.71,219.16,219.36,219.36,"5,556,200"
"Jul 09, 2024",218.57,219.29,217.27,218.56,218.56,"3,901,500"
"Jul 08, 2024",219.64,220.04,217.41,218.19,218.19,"5,790,800"
"Jul 05, 2024",219.58,221.28,219.58,220.93,220.93,"5,950,600"
"Jul 03, 2024",217.34,218.74,217.33,217.99,217.99,"5,055,300"
"Jul 02, 2024",215.33,216.08,214.62,215.56,215.56,"4,921,700"
"Jul 01, 2024",215.25,216.00,214.49,215.57,215.57,"3,797,900"
"Jun 28, 2024",215.64,215.81,214.82,215.01,215.01,"3,955,100"
"Jun 27, 2024",214.71,215.50,214.45,214.99,214.99,"4,977,800"
"Jun 26, 2024",212.39,213.11,212.12,212.58,212.58,"4,690,300"
"Jun 25, 2024",214.96,215.31,214.12,214.56,214.56,"3,820,900"
"Jun 24, 2024",215.55,215.94,215.20,215.63,215.63,"4,626,900"
"Jun 21, 2024",217.83,217.90,214.26,214.78,214.78,"8,865,600"
"Jun 20, 2024",216.32,218.74,216.15,218.16,218.16,"7,290,500"
"Jun 18, 2024",214.38,215.83,214.04,215.47,215.47,"4,921,400"
"Jun 17, 2024",214.90,215.24,213.60,214.61,214.61,"3,877,700"
"Jun 14, 2024",215.34,216.04,214.98,215.73,215.73,"7,076,500"
"Jun 13, 2024",214.44,214.96,212.26,212.97,212.97,"5,861,100"
"Jun 12, 2024",216.47,216.55,214.20,214.72,214.72,"5,911,900"
"Jun 11, 2024",213.95,214.38,213.24,214.15,214.15,"4,004,100"
"Jun 10, 2024",213.13,214.02,212.76,213.54,213.54,"4,215,300"
"Jun 07, 2024",215.07,215.19,211.54,211.60,211.60,"12,195,100"
"Jun 06, 2024",218.36,219.97,218.10,219.43,219.43,"5,283,900"
"Jun 05, 2024",216.69,218.08,215.93,217.82,217.82,"5,479,200"
"Jun 04, 2024",216.24,216.24,214.20,215.27,215.27,"5,509,400"
"Jun 03, 2024",215.92,217.82,215.54,217.22,217.22,"6,172,600"
"May 31, 2024",217.77,217.96,214.65,215.30,215.30,"5,617,200"
"May 30, 2024",216.69,217.51,216.41,216.57,216.57,"3,068,800"
"May 29, 2024",216.92,217.16,216.12,216.16,216.16,"4,185,000"
"May 28, 2024",218.43,218.59,217.21,218.19,218.19,"3,809,700"
"May 24, 2024",216.96,217.21,215.74,215.92,215.92,"4,212,400"
"May 23, 2024",218.78,219.23,215.66,215.72,215.72,"9,537,900"
"May 22, 2024",223.09,223.24,219.74,220.11,220.11,"8,903,100"
"May 21, 2024",224.77,225.21,223.70,224.23,224.23,"4,002,600"
"May 20, 2024",223.79,225.66,223.02,224.56,224.56,"5,990,900"
"May 17, 2024",222.18,223.85,221.67,223.66,223.66,"10,481,900"
"May 16, 2024",220.14,220.59,219.41,220.03,220.03,"4,301,700"
"May 15, 2024",219.06,221.19,217.65,220.89,220.89,"9,297,700"
"May 14, 2024",217.31,218.38,216.98,218.09,218.09,"4,662,700"
"May 13, 2024",217.06,217.31,215.80,216.26,216.26,"4,896,300"
"May 10, 2024",219.22,219.60,218.08,218.71,218.71,"8,700,900"
"May 09, 2024",214.48,216.95,214.44,216.95,216.95,"7,732,500"
"May 08, 2024",213.62,214.80,213.50,213.58,213.58,"4,462,700"
"May 07, 2024",214.52,214.93,213.88,214.21,214.21,"5,660,700"
"May 06, 2024",215.14,215.91,214.47,215.20,215.20,"6,840,500"
"May 03, 2024",212.89,213.23,210.71,212.96,212.96,"8,679,900"
"May 02, 2024",211.90,213.71,211.49,213.13,213.13,"6,287,000"
"May 01, 2024",212.96,215.50,212.41,213.79,213.79,"10,373,900"
"Apr 30, 2024",213.38,214.13,211.80,211.87,211.87,"11,248,600"
"Apr 29, 2024",216.02,217.22,215.25,216.18,216.18,"6,409,900"
"Apr 26, 2024",216.77,217.07,215.53,216.62,216.62,"6,268,500"
"Apr 25, 2024",214.47,217.05,214.34,215.92,215.92,"6,606,500"
"Apr 24, 2024",214.76,216.35,214.36,214.64,214.64,"5,741,100"
"Apr 23, 2024",213.96,215.86,213.87,215.04,215.04,"10,730,300"
"Apr 22, 2024",216.35,216.96,215.14,215.57,215.57,"13,404,300"
"Apr 19, 2024",220.49,222.36,220.08,221.03,221.03,"8,689,000"
"Apr 18, 2024",221.31,221.46,219.31,220.34,220.34,"6,496,900"
"Apr 17, 2024",221.05,221.76,218.52,219.59,219.59,"11,521,100"
"Apr 16, 2024",220.18,221.99,218.78,221.22,221.22,"10,746,100"
"Apr 15, 2024",217.94,221.03,215.16,220.95,220.95,"13,239,000"
"Apr 12, 2024",221.87,225.09,216.02,216.89,216.89,"30,898,800"
"Apr 11, 2024",216.85,219.84,215.89,219.80,219.80,"11,415,200"
"Apr 10, 2024",215.37,217.78,214.68,215.61,215.61,"13,317,500"
"Apr 09, 2024",217.81,218.86,216.45,217.67,217.67,"13,069,900"
"Apr 08, 2024",215.98,216.81,214.61,216.48,216.48,"10,331,400"
"Apr 05, 2024",212.49,215.74,212.22,215.14,215.14,"13,382,700"
"Apr 04, 2024",212.00,213.45,211.02,211.52,211.52,"12,307,300"
"Apr 03, 2024",210.57,212.83,210.30,212.74,212.74,"11,416,200"
"Apr 02, 2024",209.07,211.03,208.36,210.89,210.89,"13,421,100"
"Apr 01, 2024",208.68,208.73,206.29,207.82,207.82,"13,677,100"
"Mar 28, 2024",204.54,206.05,203.87,205.72,205.72,"9,194,500"
"Mar 27, 2024",202.32,203.22,202.32,203.10,203.10,"6,041,000"
"Mar 26, 2024",202.65,202.76,201.07,201.64,201.64,"5,752,700"
"Mar 25, 2024",201.19,201.95,200.97,200.99,200.99,"4,034,800"
"Mar 22, 2024",201.32,201.86,199.72,200.35,200.35,"6,918,500"
"Mar 21, 2024",203.88,203.92,200.60,201.97,201.97,"7,396,500"
"Mar 20, 2024",199.16,202.66,199.12,202.18,202.18,"9,593,800"
"Mar 19, 2024",199.62,199.81,198.94,199.80,199.80,"4,657,500"
"Mar 18, 2024",199.66,200.15,199.51,200.03,200.03,"7,206,800"
"Mar 15, 2024",199.94,200.63,199.57,199.71,199.71,"4,556,700"
"Mar 14, 2024",200.37,200.47,199.34,200.35,200.35,"6,865,000"
"Mar 13, 2024",200.44,201.86,200.35,201.19,201.19,"5,930,000"
"Mar 12, 2024",200.42,200.63,199.16,199.79,199.79,"9,436,600"
"Mar 11, 2024",201.71,202.41,201.46,202.00,202.00,"7,329,600"
"Mar 08, 2024",200.89,203.30,200.45,201.63,201.63,"13,540,100"
"Mar 07, 2024",199.54,200.11,198.91,199.94,199.94,"8,403,700"
"Mar 06, 2024",198.08,199.30,197.44,198.81,198.81,"10,459,300"
"Mar 05, 2024",197.44,198.14,196.65,197.19,197.19,"9,672,200"
"Mar 04, 2024",194.15,196.33,193.88,196.01,196.01,"12,216,300"
"Mar 01, 2024",190.27,193.40,189.44,192.89,192.89,"13,411,000"
"Feb 29, 2024",189.64,189.92,189.23,189.31,189.31,"6,848,600"
"Feb 28, 2024",188.34,188.52,188.03,188.34,188.34,"2,824,100"
"Feb 27, 2024",188.58,188.72,187.88,188.00,188.00,"5,165,400"
"Feb 26, 2024",187.79,188.36,187.53,188.20,188.20,"4,491,900"
"Feb 23, 2024",187.56,189.18,187.46,188.62,188.62,"6,827,300"
"Feb 22, 2024",187.56,187.64,187.05,187.56,187.56,"4,550,800"
"Feb 21, 2024",187.88,188.04,187.10,187.48,187.48,"5,789,200"
"Feb 20, 2024",187.96,188.03,187.40,187.47,187.47,"5,531,200"
"Feb 16, 2024",185.08,186.67,184.84,186.34,186.34,"6,518,500"
"Feb 15, 2024",185.60,186.02,185.10,185.66,185.66,"6,228,900"
"Feb 14, 2024",184.27,184.88,183.78,184.42,184.42,"7,031,600"
"Feb 13, 2024",185.35,185.38,184.33,184.53,184.53,"9,525,800"
"Feb 12, 2024",186.60,187.27,186.36,187.11,187.11,"4,706,300"
"Feb 09, 2024",187.56,187.77,187.14,187.60,187.60,"4,412,600"
"Feb 08, 2024",187.91,188.53,187.82,188.33,188.33,"3,873,300"
"Feb 07, 2024",188.45,189.39,188.28,188.50,188.50,"6,276,900"
"Feb 06, 2024",187.94,188.85,187.74,188.55,188.55,"4,866,100"
"Feb 05, 2024",186.88,187.82,186.70,187.57,187.57,"5,436,100"
"Feb 02, 2024",188.07,188.87,187.85,188.61,188.61,"7,337,600"
"Feb 01, 2024",189.71,191.36,188.99,190.41,190.41,"10,278,100"
"Jan 31, 2024",189.37,190.46,188.13,188.45,188.45,"7,886,100"
"Jan 30, 2024",189.70,189.83,187.98,188.59,188.59,"4,976,500"
"Jan 29, 2024",188.31,188.54,187.19,188.33,188.33,"5,629,700"
"Jan 26, 2024",187.27,187.38,186.76,187.01,187.01,"5,064,800"
"Jan 25, 2024",187.34,187.64,186.46,187.14,187.14,"4,651,000"
"Jan 24, 2024",188.33,188.37,186.32,186.40,186.40,"6,085,400"
"Jan 23, 2024",187.45,188.15,187.28,187.95,187.95,"5,040,800"
"Jan 22, 2024",187.23,187.76,186.85,187.22,187.22,"4,397,500"
"Jan 19, 2024",188.26,188.30,187.44,187.93,187.93,"5,719,700"
"Jan 18, 2024",186.36,187.40,186.30,187.37,187.37,"4,685,200"
"Jan 17, 2024",187.31,187.42,185.45,185.84,185.84,"8,643,200"
"Jan 16, 2024",189.15,189.26,187.54,187.91,187.91,"6,548,100"
"Jan 12, 2024",190.67,191.08,189.16,189.71,189.71,"6,833,700"
"Jan 11, 2024",188.02,188.55,186.56,187.87,187.87,"6,831,100"
"Jan 10, 2024",188.14,188.44,187.21,187.50,187.50,"4,504,700"
"Jan 09, 2024",188.68,188.78,187.73,187.93,187.93,"4,437,300"
"Jan 08, 2024",187.21,188.74,187.11,187.87,187.87,"6,215,000"
"Jan 05, 2024",189.68,191.26,189.08,189.35,189.35,"7,481,900"
"Jan 04, 2024",189.08,189.75,188.69,189.32,189.32,"4,416,700"
"Jan 03, 2024",188.77,189.86,188.16,189.13,189.13,"8,661,600"
"Jan 02, 2024",191.44,191.89,190.50,190.72,190.72,"6,025,600"
"Dec 29, 2023",190.99,191.64,190.74,191.17,191.17,"4,612,300"
"Dec 28, 2023",192.34,192.89,191.44,191.47,191.47,"6,171,500"
"Dec 27, 2023",191.77,193.18,191.54,192.59,192.59,"5,813,300"
"Dec 26, 2023",190.97,191.74,190.40,191.72,191.72,"4,502,700"
"Dec 22, 2023",191.60,191.88,190.07,190.27,190.27,"7,176,300"
"Dec 21, 2023",189.21,189.62,188.75,189.43,189.43,"4,620,000"
"Dec 20, 2023",188.69,188.96,188.09,188.10,188.10,"6,002,400"
"Dec 19, 2023",188.23,189.72,188.13,189.13,189.13,"6,025,600"
"Dec 18, 2023",187.50,188.49,187.24,187.85,187.85,"5,358,000"
"Dec 15, 2023",188.52,188.96,186.82,187.00,187.00,"8,324,800"
"Dec 14, 2023",188.86,189.82,188.08,188.73,188.73,"9,107,200"
"Dec 13, 2023",183.82,187.66,183.38,187.63,187.63,"10,635,500"
"Dec 12, 2023",183.84,183.98,183.26,183.49,183.49,"5,056,900"
"Dec 11, 2023",184.50,184.53,183.15,183.59,183.59,"8,519,500"
"Dec 08, 2023",185.93,186.78,184.90,185.64,185.64,"7,883,200"
"Dec 07, 2023",188.45,188.59,187.26,188.15,188.15,"5,802,000"
"Dec 06, 2023",188.32,188.46,187.50,187.84,187.84,"5,778,600"
"Dec 05, 2023",187.55,187.88,186.30,187.15,187.15,"7,027,700"
"Dec 04, 2023",189.60,190.38,187.26,187.86,187.86,"18,460,500"
"Dec 01, 2023",188.81,192.40,188.69,192.01,192.01,"16,727,600"
"Nov 30, 2023",188.89,189.24,188.28,188.75,188.75,"7,558,100"
"Nov 29, 2023",189.16,189.99,189.02,189.54,189.54,"8,407,300"
"Nov 28, 2023",187.90,189.40,187.52,189.26,189.26,"10,901,900"
"Nov 27, 2023",186.56,186.80,185.93,186.77,186.77,"6,320,400"
"Nov 24, 2023",185.47,185.75,185.16,185.52,185.52,"2,445,100"
"Nov 22, 2023",185.47,185.72,184.27,184.56,184.56,"4,337,700"
"Nov 21, 2023",185.57,186.12,185.07,185.35,185.35,"7,322,400"
"Nov 20, 2023",182.32,183.48,182.23,183.37,183.37,"5,389,300"
"Nov 17, 2023",183.96,184.13,183.45,183.67,183.67,"4,871,100"
"Nov 16, 2023",182.85,184.32,182.80,183.69,183.69,"8,253,300"
"Nov 15, 2023",182.03,182.18,181.31,181.64,181.64,"4,909,400"
"Nov 14, 2023",181.70,182.75,181.62,182.12,182.12,"6,831,600"
"Nov 13, 2023",179.40,180.73,179.11,180.51,180.51,"5,385,900"
"Nov 10, 2023",180.51,180.59,179.25,179.51,179.51,"7,606,600"
"Nov 09, 2023",180.98,182.28,180.89,181.49,181.49,"6,486,300"
"Nov 08, 2023",182.01,182.07,180.57,180.77,180.77,"6,738,300"
"Nov 07, 2023",182.25,182.65,181.75,182.59,182.59,"6,795,800"
"Nov 06, 2023",184.14,184.23,183.34,183.35,183.35,"8,274,700"
"Nov 03, 2023",184.48,185.47,184.35,184.79,184.79,"8,530,400"
"Nov 02, 2023",184.13,184.28,183.50,184.12,184.12,"7,343,700"
"Nov 01, 2023",183.91,185.00,182.67,183.51,183.51,"9,048,600"
"Oct 31, 2023",185.08,186.21,183.50,184.09,184.09,"10,104,600"
"Oct 30, 2023",185.54,185.70,184.73,185.10,185.10,"8,756,400"
"Oct 27, 2023",183.76,186.36,183.47,186.15,186.15,"14,102,800"
"Oct 26, 2023",183.40,184.49,182.87,184.01,184.01,"7,671,400"
"Oct 25, 2023",183.42,184.30,182.04,183.72,183.72,"10,087,000"
"Oct 24, 2023",182.07,183.40,181.68,182.95,182.95,"6,594,000"
"Oct 23, 2023",183.51,183.56,182.71,182.97,182.97,"9,479,800"
"Oct 20, 2023",183.43,185.23,183.09,183.59,183.59,"12,785,700"
"Oct 19, 2023",181.04,183.43,180.82,183.09,183.09,"13,406,600"
"Oct 18, 2023",180.89,182.02,179.75,180.87,180.87,"13,920,800"
"Oct 17, 2023",178.37,179.13,177.98,178.29,178.29,"8,231,900"
"Oct 16, 2023",177.84,178.33,177.54,177.96,177.96,"8,385,400"
"Oct 13, 2023",176.89,179.10,176.72,178.83,178.83,"18,796,500"
"Oct 12, 2023",174.06,174.23,173.24,173.26,173.26,"5,912,700"
"Oct 11, 2023",173.60,174.13,173.26,173.79,173.79,"7,128,000"
"Oct 10, 2023",172.08,172.80,171.90,172.53,172.53,"5,844,000"
"Oct 09, 2023",171.18,172.86,171.08,172.82,172.82,"10,201,500"
"Oct 06, 2023",169.17,170.23,168.50,169.70,169.70,"9,948,400"
"Oct 05, 2023",168.74,169.00,168.30,168.83,168.83,"6,970,200"
"Oct 04, 2023",169.21,169.41,168.50,169.14,169.14,"10,034,600"
"Oct 03, 2023",169.14,170.08,168.75,169.16,169.16,"11,459,800"
"Oct 02, 2023",170.23,170.46,169.50,169.65,169.65,"12,706,000"
"Sep 29, 2023",173.92,174.03,171.27,171.45,171.45,"10,427,400"
"Sep 28, 2023",173.91,174.14,172.32,173.23,173.23,"10,061,900"
"Sep 27, 2023",175.27,175.32,173.70,174.10,174.10,"10,919,600"
"Sep 26, 2023",176.83,177.14,176.16,176.28,176.28,"7,181,100"
"Sep 25, 2023",178.41,178.71,177.64,177.70,177.70,"5,582,100"
"Sep 22, 2023",178.65,178.95,178.51,178.62,178.62,"3,634,800"
"Sep 21, 2023",177.86,178.49,177.69,178.05,178.05,"7,571,900"
"Sep 20, 2023",179.34,180.66,179.32,179.35,179.35,"9,328,000"
"Sep 19, 2023",179.54,179.65,179.03,179.22,179.22,"4,224,700"
"Sep 18, 2023",178.82,179.41,178.38,179.39,179.39,"5,049,300"
"Sep 15, 2023",178.55,179.11,178.34,178.34,178.34,"5,620,900"
"Sep 14, 2023",176.50,177.39,176.36,177.17,177.17,"6,184,400"
"Sep 13, 2023",177.53,177.75,177.04,177.08,177.08,"3,874,800"
"Sep 12, 2023",177.11,177.70,177.05,177.49,177.49,"4,445,400"
"Sep 11, 2023",178.97,179.07,178.26,178.41,178.41,"3,689,100"
"Sep 08, 2023",178.36,179.05,177.90,178.08,178.08,"3,292,700"
"Sep 07, 2023",178.31,178.37,177.90,178.02,178.02,"3,257,200"
"Sep 06, 2023",178.33,179.01,177.70,177.83,177.83,"6,427,200"
"Sep 05, 2023",179.33,179.44,178.64,178.64,178.64,"7,056,800"
"Sep 01, 2023",180.80,181.12,179.51,180.11,180.11,"4,970,700"
"Aug 31, 2023",180.37,180.49,179.94,180.02,180.02,"4,795,600"
"Aug 30, 2023",180.58,180.88,180.29,180.32,180.32,"6,593,700"
"Aug 29, 2023",178.03,179.88,177.90,179.87,179.87,"7,576,600"
"Aug 28, 2023",177.65,178.73,177.51,178.13,178.13,"4,740,700"
"Aug 25, 2023",177.58,178.38,176.63,177.62,177.62,"6,132,800"
"Aug 24, 2023",177.66,178.49,177.41,177.85,177.85,"5,526,400"
"Aug 23, 2023",177.32,178.22,177.07,177.89,177.89,"7,949,100"
"Aug 22, 2023",175.83,176.25,175.31,176.10,176.10,"5,892,200"
"Aug 21, 2023",175.90,175.94,174.96,175.81,175.81,"4,206,400"
"Aug 18, 2023",175.83,176.06,175.10,175.33,175.33,"6,253,000"
"Aug 17, 2023",176.53,176.56,174.93,175.30,175.30,"7,937,700"
"Aug 16, 2023",176.62,176.95,175.56,175.57,175.57,"6,559,400"
"Aug 15, 2023",176.75,177.43,176.33,176.59,176.59,"7,582,700"
"Aug 14, 2023",176.86,177.58,176.58,177.06,177.06,"9,554,500"
"Aug 11, 2023",177.70,178.36,177.49,177.60,177.60,"5,289,700"
"Aug 10, 2023",178.22,178.70,177.54,177.60,177.60,"5,934,600"
"Aug 09, 2023",178.68,178.92,177.78,177.79,177.79,"4,644,000"
"Aug 08, 2023",178.64,179.33,178.46,178.64,178.64,"6,162,900"
"Aug 07, 2023",180.15,180.15,179.27,179.78,179.78,"4,510,400"
"Aug 04, 2023",180.25,180.77,179.85,180.19,180.19,"5,326,200"
"Aug 03, 2023",179.44,179.95,179.28,179.54,179.54,"4,636,300"
"Aug 02, 2023",180.57,180.79,179.41,179.60,179.60,"6,339,700"
"Aug 01, 2023",180.85,181.38,180.19,180.46,180.46,"6,239,700"
"Jul 31, 2023",182.43,183.09,182.31,182.35,182.35,"5,494,800"
"Jul 28, 2023",181.48,182.27,181.25,181.86,181.86,"3,828,800"
"Jul 27, 2023",181.64,181.64,180.32,180.42,180.42,"7,592,800"
"Jul 26, 2023",182.66,183.64,182.31,183.30,183.30,"6,158,400"
"Jul 25, 2023",181.72,182.47,181.10,182.41,182.41,"4,090,100"
"Jul 24, 2023",182.22,182.54,181.34,181.40,181.40,"4,370,000"
"Jul 21, 2023",182.06,182.46,181.68,182.18,182.18,"3,845,400"
"Jul 20, 2023",183.73,183.77,182.47,182.74,182.74,"4,972,900"
"Jul 19, 2023",183.45,183.84,182.87,183.67,183.67,"3,911,600"
"Jul 18, 2023",182.79,184.23,182.32,183.64,183.64,"8,238,000"
"Jul 17, 2023",180.99,181.63,180.64,181.56,181.56,"4,152,400"
"Jul 14, 2023",181.59,182.17,181.11,181.43,181.43,"5,390,000"
"Jul 13, 2023",181.96,182.15,181.49,182.01,182.01,"4,527,900"
"Jul 12, 2023",181.18,181.95,181.10,181.88,181.88,"7,062,000"
"Jul 11, 2023",179.43,179.71,179.13,179.45,179.45,"2,818,800"
"Jul 10, 2023",178.37,178.92,178.26,178.78,178.78,"3,320,500"
"Jul 07, 2023",178.38,179.65,178.35,178.64,178.64,"5,201,100"
"Jul 06, 2023",177.51,177.80,176.66,177.31,177.31,"5,133,000"
"Jul 05, 2023",179.41,179.42,177.83,177.84,177.84,"5,650,600"
"Jul 03, 2023",178.61,179.34,178.46,178.47,178.47,"4,085,700"
"Jun 30, 2023",177.69,178.53,177.32,178.27,178.27,"6,420,900"
"Jun 29, 2023",175.83,177.63,175.79,177.09,177.09,"6,862,500"
"Jun 28, 2023",177.23,177.69,176.70,177.28,177.28,"5,866,700"
"Jun 27, 2023",179.07,179.29,177.43,177.69,177.69,"5,036,900"
"Jun 26, 2023",179.05,179.08,178.42,178.51,178.51,"3,222,100"
"Jun 23, 2023",179.60,179.95,178.09,178.20,178.20,"5,419,800"
"Jun 22, 2023",178.36,178.99,177.63,177.71,177.71,"7,945,000"
"Jun 21, 2023",179.15,179.95,178.19,179.49,179.49,"6,702,300"
"Jun 20, 2023",180.06,180.09,179.22,179.75,179.75,"7,584,200"
"Jun 16, 2023",181.93,182.62,181.41,181.63,181.63,"8,779,100"
"Jun 15, 2023",180.28,182.05,180.18,181.91,181.91,"6,739,000"
"Jun 14, 2023",181.69,181.96,180.14,180.64,180.64,"6,807,000"
"Jun 13, 2023",182.10,182.43,180.17,180.54,180.54,"5,126,700"
"Jun 12, 2023",181.80,181.94,181.04,181.88,181.88,"4,873,600"
"Jun 09, 2023",182.36,182.79,181.72,182.04,182.04,"4,379,200"
"Jun 08, 2023",182.00,183.04,181.96,182.53,182.53,"6,394,100"
"Jun 07, 2023",181.94,183.00,180.15,180.15,180.15,"9,066,500"
"Jun 06, 2023",182.36,182.65,181.52,182.34,182.34,"4,967,200"
"Jun 05, 2023",180.79,182.44,180.60,182.14,182.14,"5,748,800"
"Jun 02, 2023",183.53,183.56,180.96,181.05,181.05,"8,726,100"
"Jun 01, 2023",182.81,184.21,182.72,183.76,183.76,"7,300,500"
"May 31, 2023",182.39,183.45,182.10,182.32,182.32,"8,497,900"
"May 30, 2023",181.72,182.40,181.17,182.04,182.04,"4,906,100"
"May 26, 2023",181.01,181.30,180.09,180.92,180.92,"5,823,700"
"May 25, 2023",181.18,181.31,180.10,180.20,180.20,"6,919,200"
"May 24, 2023",183.54,183.54,181.77,181.95,181.95,"6,732,900"
"May 23, 2023",182.78,183.76,182.48,183.43,183.43,"6,345,000"
"May 22, 2023",183.22,183.84,182.91,183.21,183.21,"4,834,300"
"May 19, 2023",182.25,184.34,181.81,183.64,183.64,"8,435,000"
"May 18, 2023",182.10,182.28,181.34,181.84,181.84,"8,812,600"
"May 17, 2023",184.31,184.45,183.48,184.23,184.23,"7,474,300"
"May 16, 2023",186.58,186.82,184.46,184.87,184.87,"9,519,500"
"May 15, 2023",187.30,187.88,187.03,187.21,187.21,"5,518,100"
"May 12, 2023",187.43,187.92,186.58,186.81,186.81,"7,087,500"
"May 11, 2023",188.44,188.81,186.86,187.13,187.13,"8,245,500"
"May 10, 2023",188.98,189.64,187.82,188.75,188.75,"9,392,100"
"May 09, 2023",188.12,189.33,188.07,189.02,189.02,"7,098,800"
"May 08, 2023",187.82,188.67,187.49,187.69,187.69,"6,075,400"
"May 05, 2023",186.56,187.58,185.77,187.46,187.46,"12,508,100"
"May 04, 2023",188.86,191.36,188.81,190.44,190.44,"14,146,800"
"May 03, 2023",187.61,189.21,186.93,189.11,189.11,"11,133,800"
"May 02, 2023",184.65,187.64,184.52,187.52,187.52,"14,680,600"
"May 01, 2023",186.05,186.22,183.91,183.97,183.97,"7,997,700"
"Apr 28, 2023",184.79,185.38,184.17,184.80,184.80,"6,700,400"
"Apr 27, 2023",183.90,184.99,183.38,184.75,184.75,"9,107,400"
"Apr 26, 2023",186.63,186.65,184.30,184.74,184.74,"8,203,600"
"Apr 25, 2023",184.84,186.22,184.30,185.75,185.75,"8,451,900"
"Apr 24, 2023",184.07,185.03,183.46,184.81,184.81,"8,303,400"
"Apr 21, 2023",184.98,185.68,183.22,184.25,184.25,"10,698,700"
"Apr 20, 2023",186.14,187.03,185.78,186.09,186.09,"5,789,900"
"Apr 19, 2023",184.35,185.58,184.28,185.36,185.36,"7,373,500"
"Apr 18, 2023",185.24,186.99,185.04,186.25,186.25,"8,056,900"
"Apr 17, 2023",185.89,185.93,184.10,185.53,185.53,"7,468,100"
"Apr 14, 2023",188.08,188.49,185.17,186.36,186.36,"13,272,500"
"Apr 13, 2023",189.76,190.41,188.99,189.72,189.72,"14,060,100"
"Apr 12, 2023",187.54,187.66,185.97,187.19,187.19,"10,000,900"
"Apr 11, 2023",185.91,186.51,185.64,186.28,186.28,"6,031,500"
"Apr 10, 2023",185.18,185.36,184.19,185.11,185.11,"6,408,100"
"Apr 06, 2023",186.89,187.26,185.95,186.49,186.49,"6,648,400"
"Apr 05, 2023",188.34,188.86,186.78,187.83,187.83,"11,440,800"
"Apr 04, 2023",184.72,188.23,184.66,187.98,187.98,"13,765,400"
"Apr 03, 2023",183.85,185.04,183.32,184.54,184.54,"9,206,600"
"Mar 31, 2023",184.11,184.42,182.80,183.22,183.22,"8,003,300"
"Mar 30, 2023",182.75,184.44,182.55,184.18,184.18,"6,360,300"
"Mar 29, 2023",182.49,183.27,182.24,182.53,182.53,"4,996,500"
"Mar 28, 2023",182.31,183.62,182.12,183.44,183.44,"6,202,600"
"Mar 27, 2023",181.15,182.15,180.69,181.95,181.95,"6,925,000"
"Mar 24, 2023",185.61,185.99,183.62,183.65,183.65,"9,245,900"
"Mar 23, 2023",183.91,186.24,183.60,185.74,185.74,"11,347,100"
"Mar 22, 2023",180.40,183.94,180.28,183.44,183.44,"11,969,600"
"Mar 21, 2023",182.65,182.73,179.90,180.37,180.37,"10,734,500"
"Mar 20, 2023",184.19,184.54,182.74,183.84,183.84,"11,845,700"
"Mar 17, 2023",181.02,184.81,180.77,183.77,183.77,"24,156,300"
"Mar 16, 2023",179.51,179.65,177.87,178.57,178.57,"10,762,200"
"Mar 15, 2023",178.86,180.13,177.49,178.21,178.21,"14,546,100"
"Mar 14, 2023",177.35,177.59,176.21,176.83,176.83,"10,019,000"
"Mar 13, 2023",176.66,178.02,176.30,177.86,177.86,"20,554,400"
"Mar 10, 2023",171.93,173.88,171.92,173.87,173.87,"13,803,400"
"Mar 09, 2023",169.75,170.65,169.71,170.20,170.20,"5,583,000"
"Mar 08, 2023",168.61,169.59,168.52,168.54,168.54,"5,718,600"
"Mar 07, 2023",170.42,170.47,168.52,168.62,168.62,"8,713,300"
"Mar 06, 2023",172.32,172.37,171.54,171.62,171.62,"4,264,100"
"Mar 03, 2023",171.45,172.60,170.98,172.49,172.49,"6,894,500"
"Mar 02, 2023",170.52,170.98,170.36,170.66,170.66,"3,950,700"
"Mar 01, 2023",170.95,171.49,170.47,170.76,170.76,"6,590,500"
"Feb 28, 2023",168.78,170.25,168.59,169.78,169.78,"6,761,600"
"Feb 27, 2023",168.88,169.23,168.55,169.01,169.01,"4,509,200"
"Feb 24, 2023",168.42,168.84,168.19,168.35,168.35,"6,496,500"
"Feb 23, 2023",169.84,170.13,169.08,169.57,169.57,"5,073,500"
"Feb 22, 2023",170.81,170.96,169.56,169.66,169.66,"4,105,700"
"Feb 21, 2023",171.20,171.50,170.34,170.62,170.62,"4,035,900"
"Feb 17, 2023",169.87,171.47,169.52,171.26,171.26,"4,809,800"
"Feb 16, 2023",170.34,171.60,169.96,170.75,170.75,"4,540,400"
"Feb 15, 2023",170.60,170.99,170.16,170.89,170.89,"5,423,800"
"Feb 14, 2023",171.97,173.51,171.41,172.61,172.61,"5,403,100"
"Feb 13, 2023",172.70,172.90,172.07,172.48,172.48,"3,970,800"
"Feb 10, 2023",173.63,173.68,172.63,173.36,173.36,"2,971,100"
"Feb 09, 2023",175.49,175.52,172.87,173.03,173.03,"5,361,300"
"Feb 08, 2023",174.94,174.99,173.83,174.41,174.41,"4,075,600"
"Feb 07, 2023",173.72,175.27,173.47,173.98,173.98,"6,794,200"
"Feb 06, 2023",174.11,174.46,173.28,173.82,173.82,"8,957,000"
"Feb 03, 2023",174.92,175.43,173.12,173.46,173.46,"13,674,400"
"Feb 02, 2023",181.08,181.11,177.74,177.90,177.90,"8,842,400"
"Feb 01, 2023",179.75,181.73,178.63,181.67,181.67,"7,996,000"
"Jan 31, 2023",178.82,179.70,178.54,179.41,179.41,"5,976,900"
"Jan 30, 2023",179.29,179.43,178.65,178.76,178.76,"4,210,700"
"Jan 27, 2023",179.27,179.72,178.26,179.22,179.22,"6,052,700"
"Jan 26, 2023",180.15,180.27,178.46,179.47,179.47,"5,860,100"
"Jan 25, 2023",179.35,181.22,179.29,181.11,181.11,"6,925,300"
"Jan 24, 2023",179.56,180.32,178.35,180.28,180.28,"4,604,600"
"Jan 23, 2023",178.35,179.69,177.78,179.63,179.63,"5,265,500"
"Jan 20, 2023",179.06,179.66,178.65,179.29,179.29,"5,754,800"
"Jan 19, 2023",178.37,180.03,178.09,179.89,179.89,"6,678,700"
"Jan 18, 2023",178.92,179.18,176.90,177.08,177.08,"5,384,700"
"Jan 17, 2023",178.21,178.24,177.09,177.59,177.59,"6,610,800"
"Jan 13, 2023",176.96,178.83,176.89,178.76,178.76,"7,468,800"
"Jan 12, 2023",176.01,176.71,174.88,176.64,176.64,"6,936,900"
"Jan 11, 2023",174.76,174.79,173.72,174.62,174.62,"3,374,200"
"Jan 10, 2023",174.61,174.98,174.06,174.74,174.74,"4,398,400"
"Jan 09, 2023",174.51,175.04,173.88,174.10,174.10,"5,134,500"
"Jan 06, 2023",171.76,173.96,171.23,173.71,173.71,"7,889,000"
"Jan 05, 2023",170.82,171.00,169.79,170.52,170.52,"4,692,600"
"Jan 04, 2023",172.86,173.09,171.85,172.67,172.67,"7,574,600"
"Jan 03, 2023",171.32,172.09,170.02,171.06,171.06,"7,992,900"
"Dec 30, 2022",169.26,169.90,168.80,169.64,169.64,"2,864,500"
"Dec 29, 2022",168.54,169.35,168.52,168.85,168.85,"3,345,900"
"Dec 28, 2022",168.05,168.34,167.10,167.91,167.91,"3,662,500"
"Dec 27, 2022",167.89,170.61,167.80,168.67,168.67,"6,885,700"
"Dec 23, 2022",166.88,167.80,166.66,167.26,167.26,"2,912,300"
"Dec 22, 2022",167.76,167.76,166.06,166.76,166.76,"5,672,700"
"Dec 21, 2022",169.04,169.71,168.68,168.80,168.80,"3,990,100"
"Dec 20, 2022",168.10,169.53,168.03,169.08,169.08,"7,803,100"
"Dec 19, 2022",166.71,167.11,165.99,166.32,166.32,"3,940,500"
"Dec 16, 2022",166.02,166.98,165.84,166.79,166.79,"5,372,000"
"Dec 15, 2022",165.73,166.21,165.10,165.35,165.35,"8,363,000"
"Dec 14, 2022",168.43,168.81,167.14,168.10,168.10,"5,643,000"
"Dec 13, 2022",169.21,169.79,168.02,168.51,168.51,"6,750,200"
"Dec 12, 2022",166.44,166.60,165.43,165.68,165.68,"3,504,400"
"Dec 09, 2022",167.26,168.09,166.60,167.06,167.06,"5,431,300"
"Dec 08, 2022",166.58,167.05,166.07,166.47,166.47,"3,217,900"
"Dec 07, 2022",165.47,166.64,165.32,166.33,166.33,"4,610,700"
"Dec 06, 2022",165.20,165.54,164.45,164.84,164.84,"3,597,800"
"Dec 05, 2022",166.55,166.72,164.32,164.39,164.39,"5,436,200"
"Dec 02, 2022",166.18,167.47,165.76,167.26,167.26,"5,185,900"
"Dec 01, 2022",167.48,167.95,166.98,167.84,167.84,"8,625,800"
"Nov 30, 2022",163.69,164.81,162.40,164.81,164.81,"4,874,700"
"Nov 29, 2022",162.70,163.63,162.60,162.73,162.73,"2,620,600"
"Nov 28, 2022",162.93,163.06,161.91,161.93,161.93,"4,052,900"
"Nov 25, 2022",162.85,163.43,162.76,163.22,163.22,"1,436,500"
"Nov 23, 2022",161.69,163.24,161.56,163.08,163.08,"4,167,000"
"Nov 22, 2022",162.30,162.60,161.72,162.07,162.07,"3,203,800"
"Nov 21, 2022",162.44,162.50,161.28,161.88,161.88,"4,766,500"
"Nov 18, 2022",163.38,163.69,162.68,162.79,162.79,"4,321,100"
"Nov 17, 2022",163.79,164.11,163.40,163.92,163.92,"4,574,400"
"Nov 16, 2022",165.41,165.71,164.83,165.12,165.12,"3,645,800"
"Nov 15, 2022",165.27,166.23,164.56,165.50,165.50,"9,903,500"
"Nov 14, 2022",164.20,165.24,164.15,164.92,164.92,"6,187,600"
"Nov 11, 2022",163.91,164.58,163.42,164.56,164.56,"4,622,400"
"Nov 10, 2022",162.01,163.51,161.66,163.48,163.48,"9,939,900"
"Nov 09, 2022",159.36,160.35,158.45,158.65,158.65,"6,040,600"
"Nov 08, 2022",155.99,159.87,155.98,159.45,159.45,"11,299,600"
"Nov 07, 2022",156.22,156.57,155.81,155.85,155.85,"4,425,700"
"Nov 04, 2022",154.95,156.60,154.66,156.47,156.47,"7,692,000"
"Nov 03, 2022",150.70,151.96,150.57,151.81,151.81,"5,378,800"
"Nov 02, 2022",154.16,155.42,152.26,152.39,152.39,"7,210,900"
"Nov 01, 2022",153.82,153.98,152.87,153.46,153.46,"4,603,600"
"Oct 31, 2022",152.16,152.87,151.89,151.91,151.91,"6,097,800"
"Oct 28, 2022",152.96,153.54,152.50,153.16,153.16,"4,645,400"
"Oct 27, 2022",154.71,155.09,154.22,154.74,154.74,"3,654,900"
"Oct 26, 2022",154.78,155.73,154.78,154.98,154.98,"4,448,200"
"Oct 25, 2022",153.96,154.79,153.83,154.00,154.00,"3,434,100"
"Oct 24, 2022",153.45,154.06,153.06,153.65,153.65,"4,673,300"
"Oct 21, 2022",151.98,154.31,151.83,154.15,154.15,"6,898,400"
"Oct 20, 2022",151.92,153.23,151.27,151.45,151.45,"5,019,800"
"Oct 19, 2022",152.09,152.49,151.54,151.69,151.69,"8,257,100"
"Oct 18, 2022",154.08,154.24,153.24,153.75,153.75,"4,528,400"
"Oct 17, 2022",154.92,155.33,153.32,153.42,153.42,"4,348,000"
"Oct 14, 2022",154.02,154.20,152.72,152.98,152.98,"5,471,900"
"Oct 13, 2022",153.48,155.73,152.92,154.91,154.91,"7,083,800"
"Oct 12, 2022",155.51,156.29,155.26,155.99,155.99,"3,998,500"
"Oct 11, 2022",155.49,156.81,154.92,155.16,155.16,"5,306,700"
"Oct 10, 2022",155.94,156.35,155.12,155.48,155.48,"6,110,800"
"Oct 07, 2022",158.46,158.98,157.68,157.88,157.88,"5,030,000"
"Oct 06, 2022",159.41,159.94,158.95,159.63,159.63,"5,712,600"
"Oct 05, 2022",159.32,160.08,158.38,159.81,159.81,"5,296,300"
"Oct 04, 2022",159.18,161.08,158.92,160.70,160.70,"8,024,500"
"Oct 03, 2022",155.44,158.48,155.23,158.43,158.43,"10,362,200"
"Sep 30, 2022",154.94,156.04,154.57,154.67,154.67,"6,832,400"
"Sep 29, 2022",154.14,155.03,153.16,154.66,154.66,"6,317,000"
"Sep 28, 2022",153.20,154.88,152.93,154.69,154.69,"8,977,200"
"Sep 27, 2022",152.25,152.73,151.50,151.54,151.54,"7,151,300"
"Sep 26, 2022",153.22,153.51,151.03,151.23,151.23,"8,240,500"
"Sep 23, 2022",153.90,154.00,152.64,153.01,153.01,"9,598,000"
"Sep 22, 2022",156.26,156.48,155.31,155.70,155.70,"5,975,200"
"Sep 21, 2022",155.97,157.25,154.01,155.79,155.79,"7,816,100"
"Sep 20, 2022",155.03,155.23,154.59,155.07,155.07,"5,943,700"
"Sep 19, 2022",154.87,156.04,154.82,155.96,155.96,"5,582,800"
"Sep 16, 2022",154.66,156.56,154.34,155.84,155.84,"7,141,200"
"Sep 15, 2022",156.76,157.49,154.62,154.98,154.98,"13,181,200"
"Sep 14, 2022",158.68,158.98,157.73,157.93,157.93,"6,091,100"
"Sep 13, 2022",158.47,159.27,158.39,158.54,158.54,"6,526,400"
"Sep 12, 2022",161.04,161.62,160.55,160.63,160.63,"4,537,500"
"Sep 09, 2022",159.72,160.24,159.41,159.82,159.82,"3,927,800"
"Sep 08, 2022",159.54,159.86,158.71,158.98,158.98,"4,607,100"
"Sep 07, 2022",158.15,160.15,158.08,159.94,159.94,"3,981,400"
"Sep 06, 2022",159.17,159.46,158.32,158.33,158.33,"4,863,800"
"Sep 02, 2022",159.35,160.06,159.14,159.26,159.26,"5,196,900"
"Sep 01, 2022",158.17,158.39,157.32,157.87,157.87,"7,390,800"
"Aug 31, 2022",159.50,160.57,159.26,159.27,159.27,"5,438,600"
"Aug 30, 2022",161.27,161.43,160.34,160.51,160.51,"4,856,600"
"Aug 29, 2022",161.88,162.62,161.70,161.86,161.86,"4,702,300"
"Aug 26, 2022",163.12,163.61,161.55,161.76,161.76,"6,689,300"
"Aug 25, 2022",163.97,163.99,163.24,163.75,163.75,"2,857,500"
"Aug 24, 2022",162.44,163.61,162.37,163.25,163.25,"3,202,400"
"Aug 23, 2022",161.96,163.43,161.91,162.77,162.77,"4,425,100"
"Aug 22, 2022",161.66,162.12,161.36,161.64,161.64,"4,458,100"
"Aug 19, 2022",163.65,163.74,162.62,162.72,162.72,"8,173,000"
"Aug 18, 2022",164.60,164.91,163.54,163.92,163.92,"3,646,100"
"Aug 17, 2022",165.21,165.23,163.95,164.35,164.35,"5,569,100"
"Aug 16, 2022",165.31,165.72,165.18,165.42,165.42,"4,291,500"
"Aug 15, 2022",165.99,166.25,165.44,165.71,165.71,"5,236,100"
"Aug 12, 2022",167.17,167.94,166.83,167.87,167.87,"5,151,700"
"Aug 11, 2022",167.16,167.66,166.31,166.34,166.34,"4,446,000"
"Aug 10, 2022",167.39,167.98,166.62,166.78,166.78,"4,077,300"
"Aug 09, 2022",167.48,167.80,166.82,167.20,167.20,"3,205,500"
"Aug 08, 2022",166.03,166.81,165.93,166.69,166.69,"3,456,300"
"Aug 05, 2022",164.99,165.84,164.87,165.29,165.29,"6,023,300"
"Aug 04, 2022",165.53,167.31,165.34,167.17,167.17,"5,502,000"
"Aug 03, 2022",164.77,164.91,163.48,164.45,164.45,"4,417,800"
"Aug 02, 2022",165.66,166.46,164.02,164.05,164.05,"5,725,400"
"Aug 01, 2022",164.98,165.41,164.41,165.03,165.03,"4,666,900"
"Jul 29, 2022",163.89,164.69,163.28,164.10,164.10,"7,537,300"
"Jul 28, 2022",163.31,163.76,162.88,163.64,163.64,"5,606,400"
"Jul 27, 2022",160.02,162.21,159.51,161.67,161.67,"5,766,100"
"Jul 26, 2022",160.23,160.50,159.79,160.04,160.04,"2,672,800"
"Jul 25, 2022",160.64,160.70,159.81,160.23,160.23,"3,713,400"
"Jul 22, 2022",160.55,162.13,160.35,160.67,160.67,"5,733,800"
"Jul 21, 2022",158.31,160.31,158.27,160.27,160.27,"5,863,300"
"Jul 20, 2022",159.71,159.82,158.03,158.04,158.04,"4,795,800"
"Jul 19, 2022",159.47,159.87,159.33,159.54,159.54,"3,796,200"
"Jul 18, 2022",160.08,160.43,159.05,159.16,159.16,"5,791,800"
"Jul 15, 2022",159.01,159.25,158.35,159.01,159.01,"6,783,800"
"Jul 14, 2022",159.02,159.83,158.22,159.33,159.33,"12,213,600"
"Jul 13, 2022",160.10,162.71,160.06,161.60,161.60,"8,456,600"
"Jul 12, 2022",161.22,161.62,160.72,160.83,160.83,"5,375,100"
"Jul 11, 2022",161.93,162.44,161.38,161.43,161.43,"4,321,700"
"Jul 08, 2022",162.35,163.38,161.84,162.30,162.30,"4,584,100"
"Jul 07, 2022",162.43,163.04,162.06,162.23,162.23,"4,588,400"
"Jul 06, 2022",164.32,164.57,161.47,162.14,162.14,"11,861,100"
"Jul 05, 2022",167.18,167.33,164.41,164.75,164.75,"14,035,400"
"Jul 01, 2022",167.14,168.68,166.96,168.32,168.32,"11,380,300"
"Jun 30, 2022",169.51,169.96,168.24,168.46,168.46,"9,144,400"
"Jun 29, 2022",170.58,170.70,169.17,169.49,169.49,"4,785,600"
"Jun 28, 2022",170.07,170.21,169.51,169.62,169.62,"2,982,700"
"Jun 27, 2022",170.60,170.67,169.75,169.90,169.90,"5,719,700"
"Jun 24, 2022",170.24,170.74,169.85,170.09,170.09,"6,143,100"
"Jun 23, 2022",171.39,172.13,169.90,170.26,170.26,"6,535,300"
"Jun 22, 2022",171.61,172.30,171.10,171.31,171.31,"6,558,700"
"Jun 21, 2022",171.06,171.91,170.47,170.63,170.63,"5,608,500"
"Jun 17, 2022",172.15,172.30,170.97,171.27,171.27,"7,407,200"
"Jun 16, 2022",170.56,172.77,170.17,172.69,172.69,"8,823,600"
"Jun 15, 2022",170.40,171.84,169.08,170.77,170.77,"9,000,300"
"Jun 14, 2022",169.61,169.73,168.30,168.57,168.57,"7,347,900"
"Jun 13, 2022",171.18,171.34,169.61,169.93,169.93,"13,265,200"
"Jun 10, 2022",170.89,174.94,170.46,174.54,174.54,"16,856,100"
"Jun 09, 2022",172.45,172.59,171.58,172.23,172.23,"4,701,100"
"Jun 08, 2022",172.89,173.45,172.67,172.78,172.78,"5,140,800"
"Jun 07, 2022",172.11,173.05,171.99,172.94,172.94,"3,860,000"
"Jun 06, 2022",172.81,172.89,171.65,171.82,171.82,"3,766,000"
"Jun 03, 2022",173.53,173.97,172.25,172.58,172.58,"5,519,400"
"Jun 02, 2022",173.66,174.45,173.49,174.35,174.35,"5,623,100"
"Jun 01, 2022",172.21,172.53,171.39,172.23,172.23,"6,946,500"
"May 31, 2022",172.71,173.07,171.08,171.14,171.14,"6,244,000"
"May 27, 2022",173.49,173.52,172.64,172.85,172.85,"3,847,900"
"May 26, 2022",172.13,172.93,171.76,172.76,172.76,"6,467,000"
"May 25, 2022",172.79,173.16,171.73,173.08,173.08,"4,595,900"
"May 24, 2022",173.47,174.41,173.35,174.13,174.13,"6,794,000"
"May 23, 2022",173.13,173.38,172.28,172.83,172.83,"5,518,500"
"May 20, 2022",171.71,172.24,170.89,172.03,172.03,"6,578,100"
"May 19, 2022",171.55,172.52,170.89,171.91,171.91,"10,580,300"
"May 18, 2022",169.01,170.21,168.81,169.42,169.42,"7,472,900"
"May 17, 2022",170.44,170.53,169.14,169.33,169.33,"6,441,100"
"May 16, 2022",168.43,170.43,168.34,170.40,170.40,"7,319,300"
"May 13, 2022",168.31,169.62,168.01,168.79,168.79,"13,031,100"
"May 12, 2022",172.07,172.40,169.90,170.17,170.17,"11,626,800"
"May 11, 2022",172.51,173.32,172.20,172.82,172.82,"9,179,600"
"May 10, 2022",173.80,173.96,171.20,171.42,171.42,"11,010,400"
"May 09, 2022",174.27,174.27,172.79,172.88,172.88,"10,742,400"
"May 06, 2022",175.39,176.56,174.86,175.42,175.42,"7,643,300"
"May 05, 2022",177.56,177.61,174.66,175.13,175.13,"12,794,200"
"May 04, 2022",174.32,176.35,173.67,175.80,175.80,"10,491,700"
"May 03, 2022",173.89,175.21,173.85,174.09,174.09,"7,214,300"
"May 02, 2022",173.61,174.65,172.98,173.63,173.63,"14,318,600"
"Apr 29, 2022",178.07,178.62,176.71,176.91,176.91,"7,719,700"
"Apr 28, 2022",175.92,176.97,175.69,176.93,176.93,"6,381,100"
"Apr 27, 2022",176.46,176.64,175.50,175.98,175.98,"8,854,700"
"Apr 26, 2022",177.95,178.30,176.92,177.32,177.32,"9,042,400"
"Apr 25, 2022",177.17,177.51,176.48,177.05,177.05,"13,073,700"
"Apr 22, 2022",180.72,181.61,179.74,180.29,180.29,"9,147,000"
"Apr 21, 2022",181.77,182.32,180.78,182.06,182.06,"9,639,800"
"Apr 20, 2022",181.59,182.72,181.35,182.71,182.71,"7,038,600"
"Apr 19, 2022",183.19,183.65,181.33,181.82,181.82,"12,585,600"
"Apr 18, 2022",185.95,186.10,184.39,184.61,184.61,"8,886,700"
"Apr 14, 2022",184.28,184.41,182.88,184.04,184.04,"11,567,200"
"Apr 13, 2022",184.50,184.94,184.13,184.65,184.65,"8,651,600"
"Apr 12, 2022",184.04,184.64,182.96,183.77,183.77,"12,024,600"
"Apr 11, 2022",183.17,183.33,181.11,182.37,182.37,"10,071,300"
"Apr 08, 2022",180.52,181.82,180.52,181.47,181.47,"10,655,700"
"Apr 07, 2022",179.87,180.88,179.80,180.34,180.34,"10,140,600"
"Apr 06, 2022",179.78,180.31,178.70,179.66,179.66,"8,942,100"
"Apr 05, 2022",180.91,181.49,178.93,179.24,179.24,"10,828,500"
"Apr 04, 2022",180.24,180.81,179.58,180.37,180.37,"7,063,100"
"Apr 01, 2022",179.55,180.46,178.98,179.50,179.50,"13,034,400"
"Mar 31, 2022",180.91,181.96,180.56,180.65,180.65,"9,844,400"
"Mar 30, 2022",179.76,180.92,179.68,180.58,180.58,"8,361,300"
"Mar 29, 2022",177.02,179.33,176.69,179.14,179.14,"10,458,900"
"Mar 28, 2022",180.38,181.33,178.85,179.06,179.06,"9,489,700"
"Mar 25, 2022",181.81,183.13,181.35,182.38,182.38,"7,911,100"
"Mar 24, 2022",182.35,183.51,181.77,183.13,183.13,"10,970,100"
"Mar 23, 2022",180.29,181.89,179.76,181.81,181.81,"12,557,300"
"Mar 22, 2022",179.60,179.71,178.32,179.36,179.36,"9,621,800"
"Mar 21, 2022",179.33,181.29,179.32,180.67,180.67,"10,582,200"
"Mar 18, 2022",179.93,180.93,179.04,179.30,179.30,"13,996,500"
"Mar 17, 2022",181.16,182.03,180.65,180.89,180.89,"10,954,100"
"Mar 16, 2022",179.13,180.12,176.87,180.01,180.01,"17,548,100"
"Mar 15, 2022",179.10,180.27,178.01,178.89,178.89,"16,962,300"
"Mar 14, 2022",183.03,183.29,181.95,182.30,182.30,"13,186,400"
"Mar 11, 2022",183.74,185.78,183.44,185.09,185.09,"14,824,700"
"Mar 10, 2022",186.88,187.38,184.99,186.40,186.40,"18,455,200"
"Mar 09, 2022",186.04,187.23,184.76,185.82,185.82,"26,839,700"
"Mar 08, 2022",188.35,193.30,188.26,191.51,191.51,"47,347,700"
"Mar 07, 2022",184.45,186.64,184.22,186.41,186.41,"27,951,800"
"Mar 04, 2022",182.11,183.98,181.36,183.68,183.68,"22,390,100"
"Mar 03, 2022",179.96,181.30,179.50,180.80,180.80,"15,164,400"
"Mar 02, 2022",180.13,180.71,178.79,179.73,179.73,"19,727,200"
"Mar 01, 2022",179.05,181.76,179.03,181.62,181.62,"21,942,100"
"Feb 28, 2022",178.86,178.99,176.50,178.38,178.38,"16,055,800"
"Feb 25, 2022",176.42,176.79,175.79,176.55,176.55,"11,530,900"
"Feb 24, 2022",182.59,182.60,175.27,177.14,177.14,"32,726,000"
"Feb 23, 2022",177.39,178.39,177.36,178.29,178.29,"11,772,200"
"Feb 22, 2022",177.67,178.07,176.82,177.49,177.49,"14,960,500"
"Feb 18, 2022",177.07,177.25,176.51,177.12,177.12,"12,760,700"
"Feb 17, 2022",176.70,177.53,176.39,177.25,177.25,"18,612,500"
"Feb 16, 2022",173.49,174.86,173.48,174.86,174.86,"12,772,100"
"Feb 15, 2022",173.10,173.34,172.39,173.08,173.08,"12,603,600"
"Feb 14, 2022",173.78,175.00,173.68,174.74,174.74,"13,650,700"
"Feb 11, 2022",170.75,174.20,170.71,173.81,173.81,"25,741,500"
"Feb 10, 2022",170.52,171.99,170.46,170.56,170.56,"10,693,500"
"Feb 09, 2022",170.68,171.42,170.55,171.21,171.21,"8,002,800"
"Feb 08, 2022",170.10,170.78,169.95,170.63,170.63,"5,802,000"
"Feb 07, 2022",169.45,170.30,169.19,170.11,170.11,"7,796,900"
"Feb 04, 2022",168.04,169.10,167.99,168.86,168.86,"9,619,600"
"Feb 03, 2022",168.31,168.82,167.03,168.60,168.60,"10,650,800"
"Feb 02, 2022",168.34,169.12,168.16,168.84,168.84,"9,085,300"
"Feb 01, 2022",168.57,168.85,167.87,168.23,168.23,"9,763,900"
"Jan 31, 2022",167.79,168.14,167.46,168.09,168.09,"8,539,300"
"Jan 28, 2022",166.56,167.46,166.37,167.10,167.10,"9,782,500"
"Jan 27, 2022",168.02,169.09,167.33,167.60,167.60,"15,867,300"
"Jan 26, 2022",171.39,171.73,169.48,169.79,169.79,"17,799,400"
"Jan 25, 2022",171.95,173.15,171.78,172.58,172.58,"17,382,100"
"Jan 24, 2022",171.78,172.14,170.85,172.03,172.03,"15,727,700"
"Jan 21, 2022",172.04,172.12,170.74,171.09,171.09,"10,982,500"
"Jan 20, 2022",172.31,172.60,171.59,171.65,171.65,"9,570,500"
"Jan 19, 2022",170.39,172.19,170.20,172.08,172.08,"15,784,500"
"Jan 18, 2022",169.64,170.01,169.09,169.39,169.39,"9,322,800"
"Jan 14, 2022",170.22,170.56,169.48,169.67,169.67,"7,865,900"
"Jan 13, 2022",170.09,170.22,169.27,170.16,170.16,"7,034,200"
"Jan 12, 2022",170.19,170.75,170.01,170.74,170.74,"6,280,700"
"Jan 11, 2022",168.44,170.31,168.37,170.29,170.29,"8,369,000"
"Jan 10, 2022",167.36,168.30,167.31,168.26,168.26,"7,026,500"
"Jan 07, 2022",167.37,168.01,166.86,167.75,167.75,"8,191,900"
"Jan 06, 2022",167.16,167.75,166.86,166.99,166.99,"10,902,700"
"Jan 05, 2022",170.62,170.93,168.90,169.06,169.06,"8,715,600"
"Jan 04, 2022",168.90,169.72,168.73,169.57,169.57,"6,965,600"
"Jan 03, 2022",168.86,169.01,168.00,168.33,168.33,"9,014,400"
"Dec 31, 2021",170.53,171.04,170.04,170.96,170.96,"7,039,300"
"Dec 30, 2021",168.43,169.81,168.37,169.80,169.80,"5,426,300"
"Dec 29, 2021",167.36,168.69,167.28,168.59,168.59,"5,889,700"
"Dec 28, 2021",169.33,169.65,168.62,168.64,168.64,"4,541,900"
"Dec 27, 2021",168.96,169.42,168.78,169.37,169.37,"4,760,300"
"Dec 23, 2021",168.69,169.16,168.01,168.97,168.97,"4,551,100"
"Dec 22, 2021",167.58,168.64,167.11,168.59,168.59,"4,672,900"
"Dec 21, 2021",167.69,167.78,166.74,167.02,167.02,"4,548,500"
"Dec 20, 2021",167.88,168.00,167.06,167.09,167.09,"6,973,000"
"Dec 17, 2021",168.73,169.13,167.78,167.80,167.80,"9,856,900"
"Dec 16, 2021",167.01,168.18,166.94,168.16,168.16,"11,186,200"
"Dec 15, 2021",165.27,166.40,163.80,166.15,166.15,"14,231,200"
"Dec 14, 2021",165.34,166.14,165.16,165.44,165.44,"8,637,900"
"Dec 13, 2021",166.90,167.26,166.67,167.00,167.00,"6,610,700"
"Dec 10, 2021",166.72,166.92,166.18,166.58,166.58,"6,450,600"
"Dec 09, 2021",166.54,166.58,165.65,165.88,165.88,"4,913,800"
"Dec 08, 2021",166.51,166.96,166.28,166.90,166.90,"4,288,900"
"Dec 07, 2021",166.20,167.08,166.18,166.81,166.81,"4,900,700"
"Dec 06, 2021",166.14,166.80,165.93,166.22,166.22,"4,813,600"
"Dec 03, 2021",165.49,166.93,165.00,166.63,166.63,"9,507,900"
"Dec 02, 2021",165.89,165.94,164.63,165.24,165.24,"9,604,100"
"Dec 01, 2021",166.84,167.47,166.06,166.16,166.16,"7,808,600"
"Nov 30, 2021",167.77,169.01,165.37,165.50,165.50,"12,925,300"
"Nov 29, 2021",166.84,167.26,166.38,166.62,166.62,"7,394,900"
"Nov 26, 2021",168.60,168.64,166.37,166.85,166.85,"9,605,200"
"Nov 24, 2021",166.58,167.44,166.32,167.12,167.12,"5,359,500"
"Nov 23, 2021",167.28,167.60,166.53,167.28,167.28,"8,047,800"
"Nov 22, 2021",169.90,170.44,168.42,168.74,168.74,"13,091,900"
"Nov 19, 2021",173.69,174.10,172.24,172.61,172.61,"8,785,600"
"Nov 18, 2021",173.96,174.36,173.53,173.94,173.94,"6,252,000"
"Nov 17, 2021",174.24,174.61,173.89,174.50,174.50,"6,523,100"
"Nov 16, 2021",173.97,174.48,172.86,172.92,172.92,"8,667,300"
"Nov 15, 2021",174.10,174.59,173.69,174.18,174.18,"5,630,800"
"Nov 12, 2021",173.51,174.67,173.40,174.45,174.45,"7,894,800"
"Nov 11, 2021",173.98,174.27,173.74,174.12,174.12,"5,959,600"
"Nov 10, 2021",173.67,174.65,172.11,173.15,173.15,"11,461,800"
"Nov 09, 2021",170.73,171.31,170.12,171.29,171.29,"5,781,200"
"Nov 08, 2021",170.43,170.70,170.06,170.45,170.45,"4,966,100"
"Nov 05, 2021",168.42,169.94,167.85,169.84,169.84,"9,368,900"
"Nov 04, 2021",167.51,168.14,167.37,167.65,167.65,"6,656,100"
"Nov 03, 2021",165.34,165.95,164.38,165.77,165.77,"9,055,200"
"Nov 02, 2021",167.43,167.63,166.96,167.16,167.16,"3,760,700"
"Nov 01, 2021",167.38,167.84,166.91,167.52,167.52,"4,975,600"
"Oct 29, 2021",166.29,166.73,165.64,166.65,166.65,"7,531,900"
"Oct 28, 2021",168.98,169.25,167.53,168.08,168.08,"7,000,700"
"Oct 27, 2021",167.73,168.20,166.86,168.12,168.12,"5,823,100"
"Oct 26, 2021",167.88,167.91,166.63,167.68,167.68,"6,658,900"
"Oct 25, 2021",168.66,169.21,168.53,168.93,168.93,"4,881,300"
"Oct 22, 2021",168.67,169.54,166.67,167.77,167.77,"10,703,900"
"Oct 21, 2021",166.70,166.94,166.24,166.75,166.75,"4,412,400"
"Oct 20, 2021",166.21,167.11,165.93,166.90,166.90,"5,022,000"
"Oct 19, 2021",166.50,166.50,165.20,165.45,165.45,"6,588,500"
"Oct 18, 2021",165.42,165.59,164.81,164.92,164.92,"4,029,600"
"Oct 15, 2021",165.39,166.09,165.10,165.33,165.33,"8,699,200"
"Oct 14, 2021",168.19,168.22,167.71,168.00,168.00,"5,081,400"
"Oct 13, 2021",165.28,167.92,165.28,167.59,167.59,"11,113,800"
"Oct 12, 2021",164.57,165.44,164.31,164.66,164.66,"5,453,000"
"Oct 11, 2021",164.04,164.58,163.91,163.92,163.92,"3,820,100"
"Oct 08, 2021",166.32,166.42,164.14,164.23,164.23,"8,536,100"
"Oct 07, 2021",164.02,164.85,163.96,164.16,164.16,"4,791,500"
"Oct 06, 2021",164.23,165.06,164.15,165.03,165.03,"6,067,200"
"Oct 05, 2021",163.94,164.85,163.49,164.59,164.59,"5,617,300"
"Oct 04, 2021",163.69,165.54,163.47,165.36,165.36,"7,651,700"
"Oct 01, 2021",164.27,164.96,163.89,164.59,164.59,"6,654,700"
"Sep 30, 2021",162.66,164.95,162.34,164.22,164.22,"10,572,900"
"Sep 29, 2021",162.35,162.74,160.97,161.32,161.32,"8,360,700"
"Sep 28, 2021",162.73,162.82,161.73,162.05,162.05,"9,282,800"
"Sep 27, 2021",163.85,164.36,163.51,163.64,163.64,"4,943,000"
"Sep 24, 2021",163.00,164.00,162.74,163.30,163.30,"6,937,500"
"Sep 23, 2021",164.10,164.20,163.27,163.51,163.51,"8,451,900"
"Sep 22, 2021",165.89,167.15,165.03,165.42,165.42,"9,777,800"
"Sep 21, 2021",165.81,166.63,165.49,166.04,166.04,"7,181,500"
"Sep 20, 2021",164.29,165.28,164.07,164.94,164.94,"7,566,600"
"Sep 17, 2021",163.86,164.32,163.40,163.77,163.77,"8,369,700"
"Sep 16, 2021",164.38,164.44,163.23,164.03,164.03,"11,780,400"
"Sep 15, 2021",168.13,168.36,167.45,167.83,167.83,"5,624,900"
"Sep 14, 2021",168.22,169.16,167.48,168.82,168.82,"7,922,900"
"Sep 13, 2021",167.45,168.22,167.40,167.74,167.74,"5,474,300"
"Sep 10, 2021",167.81,168.08,167.15,167.18,167.18,"7,426,300"
"Sep 09, 2021",168.17,168.28,166.83,168.03,168.03,"6,641,400"
"Sep 08, 2021",168.02,168.08,166.70,167.29,167.29,"6,576,000"
"Sep 07, 2021",169.56,169.78,167.63,167.71,167.71,"10,004,600"
"Sep 03, 2021",170.59,171.55,170.15,171.06,171.06,"8,353,300"
"Sep 02, 2021",169.50,169.63,168.82,169.25,169.25,"4,599,800"
"Sep 01, 2021",169.94,170.00,169.16,169.70,169.70,"4,764,900"
"Aug 31, 2021",169.23,169.92,168.75,169.69,169.69,"6,336,000"
"Aug 30, 2021",169.66,169.84,169.09,169.35,169.35,"3,768,600"
"Aug 27, 2021",167.58,170.19,166.87,170.19,170.19,"10,036,400"
"Aug 26, 2021",167.21,168.21,166.83,167.67,167.67,"4,371,900"
"Aug 25, 2021",167.88,167.92,166.74,167.48,167.48,"5,588,800"
"Aug 24, 2021",169.04,169.27,168.52,168.65,168.65,"4,519,200"
"Aug 23, 2021",168.82,168.91,167.96,168.73,168.73,"8,190,500"
"Aug 20, 2021",166.80,167.14,166.36,166.70,166.70,"7,154,000"
"Aug 19, 2021",167.24,167.29,166.16,166.61,166.61,"6,934,300"
"Aug 18, 2021",167.24,167.51,166.26,167.10,167.10,"7,697,900"
"Aug 17, 2021",167.29,167.73,166.56,166.97,166.97,"7,107,000"
"Aug 16, 2021",166.73,167.39,166.59,167.22,167.22,"7,776,500"
"Aug 13, 2021",165.02,166.46,164.89,166.39,166.39,"7,466,900"
"Aug 12, 2021",163.65,164.10,162.93,164.04,164.04,"5,211,700"
"Aug 11, 2021",163.15,164.17,162.68,164.00,164.00,"7,382,400"
"Aug 10, 2021",161.39,162.11,160.68,161.77,161.77,"6,870,800"
"Aug 09, 2021",163.01,163.29,161.26,161.72,161.72,"11,547,000"
"Aug 06, 2021",165.84,165.93,164.55,164.64,164.64,"13,547,600"
"Aug 05, 2021",169.37,169.44,168.20,168.86,168.86,"8,015,000"
"Aug 04, 2021",171.28,171.40,168.99,169.53,169.53,"9,796,300"
"Aug 03, 2021",169.42,169.83,169.21,169.49,169.49,"5,402,300"
"Aug 02, 2021",169.30,170.25,169.10,169.61,169.61,"10,783,200"
"Jul 30, 2021",170.72,170.99,169.38,169.82,169.82,"7,391,700"
"Jul 29, 2021",170.70,171.52,170.67,171.17,171.17,"8,119,600"
"Jul 28, 2021",168.26,169.38,167.72,169.29,169.29,"7,905,800"
"Jul 27, 2021",168.73,168.91,167.93,168.44,168.44,"6,300,200"
"Jul 26, 2021",168.58,168.86,168.08,168.16,168.16,"5,229,800"
"Jul 23, 2021",168.50,168.88,167.95,168.56,168.56,"5,831,500"
"Jul 22, 2021",168.49,169.19,168.06,169.09,169.09,"4,793,600"
"Jul 21, 2021",168.33,169.00,168.14,168.76,168.76,"4,622,600"
"Jul 20, 2021",170.51,170.80,168.92,169.39,169.39,"6,540,100"
"Jul 19, 2021",169.51,169.91,168.89,169.61,169.61,"6,707,400"
"Jul 16, 2021",170.65,170.95,169.28,169.41,169.41,"9,460,300"
"Jul 15, 2021",170.89,171.30,170.34,171.07,171.07,"6,520,100"
"Jul 14, 2021",170.91,171.04,170.28,171.04,171.04,"8,830,300"
"Jul 13, 2021",169.51,169.90,168.93,169.22,169.22,"7,040,300"
"Jul 12, 2021",168.70,169.16,167.64,169.00,169.00,"7,315,400"
"Jul 09, 2021",168.84,169.62,168.66,169.21,169.21,"4,997,400"
"Jul 08, 2021",169.82,169.86,167.91,168.65,168.65,"7,244,300"
"Jul 07, 2021",168.72,169.23,168.19,168.76,168.76,"7,108,900"
"Jul 06, 2021",169.27,169.65,167.54,168.12,168.12,"7,932,100"
"Jul 02, 2021",167.35,167.72,166.40,167.29,167.29,"7,873,600"
"Jul 01, 2021",166.65,166.88,165.50,166.20,166.20,"7,430,500"
"Jun 30, 2021",164.57,166.10,164.29,165.63,165.63,"7,955,800"
"Jun 29, 2021",164.34,165.28,164.01,164.83,164.83,"7,451,400"
"Jun 28, 2021",166.68,166.91,166.36,166.58,166.58,"6,508,900"
"Jun 25, 2021",167.45,167.53,166.29,166.59,166.59,"7,473,700"
"Jun 24, 2021",167.00,167.23,166.01,166.04,166.04,"6,903,400"
"Jun 23, 2021",166.97,168.03,165.97,166.14,166.14,"8,474,300"
"Jun 22, 2021",166.35,166.92,166.01,166.25,166.25,"7,223,900"
"Jun 21, 2021",166.52,167.22,166.00,166.95,166.95,"8,371,000"
"Jun 18, 2021",166.14,166.72,164.87,164.93,164.93,"15,744,300"
"Jun 17, 2021",167.02,167.62,165.44,165.85,165.85,"27,232,200"
"Jun 16, 2021",173.91,174.47,171.03,171.11,171.11,"16,919,700"
"Jun 15, 2021",174.78,174.92,173.34,174.05,174.05,"7,550,200"
"Jun 14, 2021",173.16,175.06,172.95,174.71,174.71,"7,733,600"
"Jun 11, 2021",176.33,176.57,175.48,175.74,175.74,"7,836,900"
"Jun 10, 2021",176.70,177.85,176.48,177.74,177.74,"9,896,600"
"Jun 09, 2021",177.38,177.80,176.78,176.98,176.98,"6,346,100"
"Jun 08, 2021",177.23,177.54,176.37,177.32,177.32,"5,905,800"
"Jun 07, 2021",176.96,177.90,176.63,177.87,177.87,"7,709,100"
"Jun 04, 2021",176.65,177.57,176.61,177.16,177.16,"8,375,300"
"Jun 03, 2021",175.83,175.83,174.66,175.27,175.27,"10,153,900"
"Jun 02, 2021",178.34,178.78,177.97,178.77,178.77,"6,613,100"
"Jun 01, 2021",178.76,178.85,177.19,177.90,177.90,"9,143,300"
"May 28, 2021",177.46,178.43,177.24,178.38,178.38,"9,967,000"
"May 27, 2021",177.39,177.82,176.81,177.71,177.71,"7,993,000"
"May 26, 2021",178.37,178.61,177.04,177.64,177.64,"8,495,400"
"May 25, 2021",176.15,177.95,176.04,177.95,177.95,"8,986,900"
"May 24, 2021",176.15,176.59,175.87,176.35,176.35,"5,557,300"
"May 21, 2021",176.58,176.86,175.15,176.04,176.04,"7,677,200"
"May 20, 2021",175.32,176.46,175.11,175.96,175.96,"9,802,800"
"May 19, 2021",175.14,177.00,174.35,175.16,175.16,"20,741,100"
"May 18, 2021",175.18,175.21,174.46,175.04,175.04,"7,294,000"
"May 17, 2021",173.30,175.00,173.28,174.70,174.70,"11,956,800"
"May 14, 2021",172.05,172.70,171.82,172.69,172.69,"9,686,800"
"May 13, 2021",170.35,171.27,170.23,171.13,171.13,"8,078,300"
"May 12, 2021",171.43,171.84,170.35,170.43,170.43,"12,666,300"
"May 11, 2021",170.56,172.17,170.27,172.14,172.14,"8,348,200"
"May 10, 2021",172.74,172.84,171.78,172.11,172.11,"8,276,600"
"May 07, 2021",171.53,172.55,171.00,171.59,171.59,"14,748,600"
"May 06, 2021",167.95,170.29,167.92,170.06,170.06,"13,574,100"
"May 05, 2021",166.63,167.31,166.61,167.27,167.27,"5,950,000"
"May 04, 2021",167.69,168.55,165.50,166.58,166.58,"10,267,400"
"May 03, 2021",167.61,168.43,167.41,167.81,167.81,"9,014,700"
"Apr 30, 2021",165.86,166.00,165.24,165.66,165.66,"6,248,700"
"Apr 29, 2021",165.58,166.26,164.47,166.22,166.22,"9,067,600"
"Apr 28, 2021",165.75,166.96,165.49,166.91,166.91,"6,932,200"
"Apr 27, 2021",166.92,167.15,166.28,166.42,166.42,"5,363,500"
"Apr 26, 2021",166.63,166.87,166.05,166.84,166.84,"4,786,600"
"Apr 23, 2021",167.37,167.53,165.78,166.40,166.40,"7,106,400"
"Apr 22, 2021",167.11,167.53,166.49,167.04,167.04,"7,680,100"
"Apr 21, 2021",167.18,168.39,167.15,168.13,168.13,"8,380,200"
"Apr 20, 2021",165.65,166.81,165.62,166.48,166.48,"6,532,000"
"Apr 19, 2021",165.91,166.44,165.72,165.89,165.89,"5,721,700"
"Apr 16, 2021",166.24,166.81,165.94,166.35,166.35,"10,057,600"
"Apr 15, 2021",164.07,165.79,164.03,165.35,165.35,"8,250,600"
"Apr 14, 2021",162.77,163.05,162.30,162.72,162.72,"6,312,300"
"Apr 13, 2021",163.18,163.85,163.03,163.43,163.43,"6,995,900"
"Apr 12, 2021",162.73,162.80,161.81,162.28,162.28,"4,896,700"
"Apr 09, 2021",162.75,163.66,162.48,163.27,163.27,"6,657,900"
"Apr 08, 2021",164.17,164.77,164.14,164.51,164.51,"6,574,500"
"Apr 07, 2021",162.82,163.31,162.50,162.76,162.76,"5,436,000"
"Apr 06, 2021",162.79,163.53,162.75,163.22,163.22,"6,761,200"
"Apr 05, 2021",161.52,162.40,161.36,161.92,161.92,"6,163,800"
"Apr 01, 2021",161.56,162.11,161.28,161.98,161.98,"7,105,200"
"Mar 31, 2021",158.06,160.68,158.05,159.96,159.96,"10,623,800"
"Mar 30, 2021",157.94,158.20,157.55,157.57,157.57,"8,353,200"
"Mar 29, 2021",161.46,161.52,159.83,160.31,160.31,"8,409,300"
"Mar 26, 2021",161.71,162.73,161.65,162.24,162.24,"6,153,900"
"Mar 25, 2021",163.06,163.58,161.32,161.78,161.78,"8,398,600"
"Mar 24, 2021",162.21,162.89,161.94,162.37,162.37,"6,183,700"
"Mar 23, 2021",162.45,162.49,161.59,161.81,161.81,"6,048,300"
"Mar 22, 2021",162.27,163.13,162.16,163.00,163.00,"5,240,000"
"Mar 19, 2021",162.56,163.43,162.43,163.24,163.24,"6,868,900"
"Mar 18, 2021",161.15,162.82,161.11,162.56,162.56,"8,711,100"
"Mar 17, 2021",162.27,164.15,161.48,163.51,163.51,"12,626,700"
"Mar 16, 2021",162.36,163.20,161.81,162.35,162.35,"7,547,400"
"Mar 15, 2021",162.31,162.55,161.43,162.20,162.20,"8,104,500"
"Mar 12, 2021",159.54,161.69,159.35,161.49,161.49,"8,608,500"
"Mar 11, 2021",161.47,161.98,161.12,161.52,161.52,"6,749,200"
"Mar 10, 2021",161.06,161.78,160.66,161.66,161.66,"7,962,000"
"Mar 09, 2021",160.75,161.25,160.42,160.84,160.84,"10,382,600"
"Mar 08, 2021",158.58,158.74,157.13,157.49,157.49,"12,134,900"
"Mar 05, 2021",159.66,159.82,158.55,159.14,159.14,"12,821,600"
"Mar 04, 2021",160.60,161.46,158.43,159.04,159.04,"13,870,100"
"Mar 03, 2021",160.61,161.69,159.49,160.62,160.62,"13,059,900"
"Mar 02, 2021",161.93,162.93,161.22,162.41,162.41,"11,424,600"
"Mar 01, 2021",163.03,163.35,161.16,161.53,161.53,"13,828,300"
"Feb 26, 2021",165.00,165.10,160.95,161.81,161.81,"23,730,400"
"Feb 25, 2021",166.92,167.66,165.45,165.82,165.82,"16,359,400"
"Feb 24, 2021",167.65,169.14,167.15,169.00,169.00,"8,890,600"
"Feb 23, 2021",169.48,169.74,168.28,169.12,169.12,"8,616,800"
"Feb 22, 2021",168.54,169.89,168.30,169.51,169.51,"10,072,000"
"Feb 19, 2021",166.76,167.94,166.60,167.01,167.01,"8,273,500"
"Feb 18, 2021",166.98,167.30,165.73,166.32,166.32,"7,498,200"
"Feb 17, 2021",166.92,167.34,165.85,166.33,166.33,"11,400,700"
"Feb 16, 2021",168.14,170.07,167.73,168.24,168.24,"14,761,100"
"Feb 12, 2021",170.29,171.65,169.88,170.69,170.69,"6,018,900"
"Feb 11, 2021",172.70,172.87,170.71,171.21,171.21,"5,994,500"
"Feb 10, 2021",173.15,173.22,172.01,172.71,172.71,"6,112,800"
"Feb 09, 2021",172.57,173.03,171.75,172.08,172.08,"5,131,800"
"Feb 08, 2021",171.98,172.40,171.49,171.52,171.52,"6,887,500"
"Feb 05, 2021",168.99,170.18,168.67,169.81,169.81,"6,538,500"
"Feb 04, 2021",168.29,168.40,167.34,168.15,168.15,"13,736,600"
"Feb 03, 2021",172.36,172.59,171.50,171.85,171.85,"4,658,100"
"Feb 02, 2021",172.49,172.53,171.51,172.11,172.11,"7,221,700"
"Feb 01, 2021",175.02,175.26,174.06,174.23,174.23,"9,105,500"
"Jan 29, 2021",174.87,175.16,172.61,172.61,172.61,"11,252,800"
"Jan 28, 2021",174.28,174.73,172.04,172.68,172.68,"9,392,400"
"Jan 27, 2021",172.93,173.52,171.66,172.52,172.52,"9,036,500"
"Jan 26, 2021",173.98,174.26,173.42,173.62,173.62,"4,685,600"
"Jan 25, 2021",174.82,174.96,173.19,174.05,174.05,"5,936,800"
"Jan 22, 2021",172.89,174.29,172.35,173.90,173.90,"7,269,600"
"Jan 21, 2021",175.11,175.51,174.51,175.28,175.28,"7,246,800"
"Jan 20, 2021",174.37,175.47,173.82,175.39,175.39,"9,456,000"
"Jan 19, 2021",172.71,172.85,171.92,172.58,172.58,"7,485,700"
"Jan 15, 2021",172.84,173.07,170.98,171.13,171.13,"16,172,500"
"Jan 14, 2021",173.44,174.22,172.66,173.28,173.28,"13,522,700"
"Jan 13, 2021",173.68,174.46,173.05,173.37,173.37,"14,110,300"
"Jan 12, 2021",173.13,174.18,172.32,174.12,174.12,"9,798,500"
"Jan 11, 2021",172.14,173.68,172.03,173.00,173.00,"8,571,400"
"Jan 08, 2021",176.83,176.99,171.48,173.34,173.34,"24,399,900"
"Jan 07, 2021",179.69,179.92,178.84,179.48,179.48,"7,110,200"
"Jan 06, 2021",181.49,181.58,178.24,179.90,179.90,"18,453,500"
"Jan 05, 2021",182.87,183.21,181.82,182.87,182.87,"12,718,800"
"Jan 04, 2021",181.97,182.40,180.96,182.33,182.33,"14,331,400"
"Dec 31, 2020",178.07,178.40,177.32,178.36,178.36,"7,540,800"
"Dec 30, 2020",176.44,177.72,176.44,177.70,177.70,"5,914,000"
"Dec 29, 2020",176.25,176.97,175.57,176.35,176.35,"5,983,700"
"Dec 28, 2020",177.26,177.91,175.63,175.71,175.71,"7,778,700"
"Dec 24, 2020",175.55,176.37,175.51,176.35,176.35,"3,695,400"
"Dec 23, 2020",175.10,176.21,175.06,175.65,175.65,"6,542,800"
"Dec 22, 2020",176.20,176.34,174.34,174.49,174.49,"9,442,400"
"Dec 21, 2020",176.29,176.94,175.76,175.88,175.88,"8,168,900"
"Dec 18, 2020",176.65,176.98,176.10,176.44,176.44,"6,789,900"
"Dec 17, 2020",177.15,177.87,176.58,176.74,176.74,"9,475,800"
"Dec 16, 2020",174.13,175.02,173.02,174.90,174.90,"8,174,700"
"Dec 15, 2020",173.43,173.98,173.06,173.94,173.94,"6,840,500"
"Dec 14, 2020",171.91,172.52,170.91,171.54,171.54,"7,644,400"
"Dec 11, 2020",172.25,173.32,172.11,172.49,172.49,"6,084,800"
"Dec 10, 2020",172.90,173.58,171.70,172.17,172.17,"6,564,000"
"Dec 09, 2020",173.92,174.04,171.24,172.50,172.50,"10,743,200"
"Dec 08, 2020",175.51,175.93,174.72,175.50,175.50,"6,348,400"
"Dec 07, 2020",172.56,175.29,172.51,174.89,174.89,"10,555,100"
"Dec 04, 2020",172.78,173.32,171.59,172.32,172.32,"10,098,600"
"Dec 03, 2020",172.64,172.85,171.08,172.81,172.81,"10,457,300"
"Dec 02, 2020",170.57,171.76,170.15,171.46,171.46,"9,199,700"
"Dec 01, 2020",169.76,170.48,169.30,170.18,170.18,"13,533,300"
"Nov 30, 2020",166.68,167.43,166.03,166.67,166.67,"13,210,000"
"Nov 27, 2020",166.90,167.83,166.78,167.79,167.79,"10,569,100"
"Nov 25, 2020",169.98,170.52,169.24,169.51,169.51,"10,286,600"
"Nov 24, 2020",169.30,169.69,168.86,169.59,169.59,"19,504,000"
"Nov 23, 2020",175.10,175.24,171.78,172.23,172.23,"15,510,600"
"Nov 20, 2020",176.12,176.38,175.58,175.69,175.69,"6,379,400"
"Nov 19, 2020",174.30,175.22,174.17,175.16,175.16,"6,965,100"
"Nov 18, 2020",176.26,176.86,175.35,175.49,175.49,"7,384,700"
"Nov 17, 2020",177.25,177.44,176.09,176.50,176.50,"8,229,100"
"Nov 16, 2020",177.23,177.91,176.87,177.15,177.15,"8,358,500"
"Nov 13, 2020",177.65,177.80,176.84,177.16,177.16,"6,469,800"
"Nov 12, 2020",176.04,176.77,175.84,175.96,175.96,"7,167,900"
"Nov 11, 2020",174.70,175.28,174.44,174.90,174.90,"9,008,500"
"Nov 10, 2020",176.75,176.91,175.66,175.66,175.66,"11,728,500"
"Nov 09, 2020",176.42,176.45,173.64,175.08,175.08,"29,800,700"
"Nov 06, 2020",183.40,183.53,182.19,183.19,183.19,"10,378,300"
"Nov 05, 2020",181.00,183.29,180.97,182.93,182.93,"16,102,800"
"Nov 04, 2020",178.93,179.19,177.66,178.82,178.82,"11,117,300"
"Nov 03, 2020",178.95,179.39,178.30,178.92,178.92,"7,577,200"
"Nov 02, 2020",177.45,177.93,177.13,177.91,177.91,"6,498,400"
"Oct 30, 2020",177.18,177.36,175.95,176.20,176.20,"7,303,000"
"Oct 29, 2020",175.02,176.14,174.83,175.40,175.40,"8,474,500"
"Oct 28, 2020",176.45,176.85,175.44,176.13,176.13,"11,734,100"
"Oct 27, 2020",178.71,179.43,178.51,179.02,179.02,"5,826,900"
"Oct 26, 2020",178.75,179.14,178.22,178.55,178.55,"5,105,100"
"Oct 23, 2020",179.09,179.20,177.76,178.64,178.64,"5,919,300"
"Oct 22, 2020",178.88,179.03,177.72,178.83,178.83,"8,377,000"
"Oct 21, 2020",180.47,181.31,180.23,180.60,180.60,"7,548,100"
"Oct 20, 2020",178.54,179.67,178.08,179.25,179.25,"7,121,400"
"Oct 19, 2020",179.41,179.48,178.37,178.39,178.39,"6,084,400"
"Oct 16, 2020",179.22,179.32,178.13,178.30,178.30,"7,260,700"
"Oct 15, 2020",177.71,179.15,177.59,178.92,178.92,"6,815,400"
"Oct 14, 2020",179.09,179.59,178.27,178.27,178.27,"9,076,600"
"Oct 13, 2020",178.56,178.60,177.10,177.72,177.72,"8,384,300"
"Oct 12, 2020",180.57,180.83,180.19,180.56,180.56,"4,843,000"
"Oct 09, 2020",180.13,181.17,179.93,181.08,181.08,"15,979,800"
"Oct 08, 2020",178.18,178.45,176.67,177.85,177.85,"6,530,800"
"Oct 07, 2020",177.09,177.42,176.43,177.22,177.22,"6,410,900"
"Oct 06, 2020",180.16,180.37,177.05,177.30,177.30,"8,632,800"
"Oct 05, 2020",179.02,180.14,178.90,179.41,179.41,"6,969,600"
"Oct 02, 2020",178.69,179.29,178.16,178.54,178.54,"7,488,500"
"Oct 01, 2020",178.71,179.50,178.04,178.70,178.70,"10,402,800"
"Sep 30, 2020",177.71,178.61,176.66,177.12,177.12,"8,371,800"
"Sep 29, 2020",177.19,178.33,176.95,178.19,178.19,"8,718,500"
"Sep 28, 2020",175.83,176.81,175.09,176.70,176.70,"7,109,700"
"Sep 25, 2020",174.41,175.30,173.89,174.94,174.94,"6,779,200"
"Sep 24, 2020",174.36,176.24,173.77,175.44,175.44,"11,759,200"
"Sep 23, 2020",176.98,177.26,174.10,174.79,174.79,"18,134,000"
"Sep 22, 2020",179.63,180.02,178.11,178.65,178.65,"7,977,900"
"Sep 21, 2020",179.84,180.29,176.75,179.52,179.52,"17,436,100"
"Sep 18, 2020",183.07,184.09,182.64,183.20,183.20,"9,959,700"
"Sep 17, 2020",181.92,183.09,181.48,182.96,182.96,"8,836,200"
"Sep 16, 2020",184.98,185.01,183.33,183.97,183.97,"12,702,400"
"Sep 15, 2020",184.46,184.67,182.92,183.45,183.45,"7,993,700"
"Sep 14, 2020",183.57,184.30,183.39,183.89,183.89,"9,709,500"
"Sep 11, 2020",183.14,183.55,182.01,182.45,182.45,"7,662,300"
"Sep 10, 2020",184.23,184.68,182.28,182.46,182.46,"9,143,600"
"Sep 09, 2020",182.50,183.22,182.19,183.05,183.05,"8,424,100"
"Sep 08, 2020",179.50,182.27,179.02,181.29,181.29,"13,229,200"
"Sep 04, 2020",180.95,182.10,180.05,181.64,181.64,"11,567,900"
"Sep 03, 2020",182.30,182.82,180.49,181.14,181.14,"12,148,100"
"Sep 02, 2020",183.75,183.86,181.50,182.62,182.62,"11,536,900"
"Sep 01, 2020",186.99,186.99,184.33,185.05,185.05,"10,662,100"
"Aug 31, 2020",184.79,185.53,184.28,184.83,184.83,"10,251,200"
"Aug 28, 2020",183.98,185.40,183.40,184.39,184.39,"13,200,800"
"Aug 27, 2020",185.00,185.17,179.37,181.24,181.24,"16,299,200"
"Aug 26, 2020",180.26,183.58,180.20,183.36,183.36,"12,715,800"
"Aug 25, 2020",181.06,181.25,179.73,181.22,181.22,"10,056,100"
"Aug 24, 2020",182.91,182.93,180.69,181.00,181.00,"11,605,800"
"Aug 21, 2020",182.14,182.81,180.47,182.03,182.03,"12,713,700"
"Aug 20, 2020",181.19,183.71,180.93,183.50,183.50,"16,692,200"
"Aug 19, 2020",187.21,187.46,181.71,182.24,182.24,"24,646,900"
"Aug 18, 2020",189.18,189.40,185.63,188.18,188.18,"16,291,600"
"Aug 17, 2020",184.69,187.01,184.66,186.50,186.50,"15,709,800"
"Aug 14, 2020",183.44,183.72,181.49,182.54,182.54,"11,792,000"
"Aug 13, 2020",181.56,184.70,181.36,183.33,183.33,"18,596,800"
"Aug 12, 2020",182.61,183.10,179.04,179.10,179.10,"28,660,500"
"Aug 11, 2020",183.57,183.98,179.43,179.94,179.94,"45,355,000"
"Aug 10, 2020",191.20,192.61,189.66,190.15,190.15,"19,047,200"
"Aug 07, 2020",192.71,192.96,189.33,190.81,190.81,"24,570,200"
"Aug 06, 2020",193.74,194.45,192.52,193.89,193.89,"20,640,100"
"Aug 05, 2020",191.65,193.13,190.62,191.35,191.35,"27,078,100"
"Aug 04, 2020",185.61,189.60,185.21,189.59,189.59,"20,773,200"
"Aug 03, 2020",185.05,185.82,184.20,185.64,185.64,"12,897,000"
"Jul 31, 2020",184.51,185.75,184.17,185.43,185.43,"15,876,700"
"Jul 30, 2020",183.44,184.33,182.13,183.76,183.76,"18,061,200"
"Jul 29, 2020",184.01,186.14,182.39,185.13,185.13,"25,640,100"
"Jul 28, 2020",182.02,184.26,181.42,183.75,183.75,"21,164,600"
"Jul 27, 2020",181.85,182.83,181.53,182.23,182.23,"21,115,600"
"Jul 24, 2020",179.14,179.16,178.20,178.70,178.70,"15,601,300"
"Jul 23, 2020",176.17,178.41,175.65,177.18,177.18,"23,006,800"
"Jul 22, 2020",174.05,175.77,173.76,175.63,175.63,"18,712,500"
"Jul 21, 2020",172.53,173.25,172.31,173.00,173.00,"12,826,100"
"Jul 20, 2020",170.76,171.07,170.27,170.94,170.94,"10,095,500"
"Jul 17, 2020",169.94,170.27,169.61,170.12,170.12,"10,296,000"
"Jul 16, 2020",169.80,170.00,168.65,168.73,168.73,"10,242,400"
"Jul 15, 2020",169.62,170.43,169.39,170.34,170.34,"7,533,800"
"Jul 14, 2020",168.97,170.20,168.81,170.19,170.19,"9,812,700"
"Jul 13, 2020",170.29,170.42,169.16,169.40,169.40,"11,095,900"
"Jul 10, 2020",169.95,170.15,168.57,169.19,169.19,"8,218,000"
"Jul 09, 2020",170.48,170.64,168.78,169.63,169.63,"13,327,400"
"Jul 08, 2020",170.32,170.86,169.78,170.09,170.09,"11,662,700"
"Jul 07, 2020",167.41,169.04,167.38,169.04,169.04,"11,633,100"
"Jul 06, 2020",167.75,168.00,167.19,167.98,167.98,"7,265,700"
"Jul 02, 2020",166.20,167.24,166.02,166.98,166.98,"8,753,500"
"Jul 01, 2020",167.05,167.06,165.34,166.62,166.62,"13,214,800"
"Jun 30, 2020",166.31,167.99,166.19,167.37,167.37,"12,762,300"
"Jun 29, 2020",166.56,166.80,166.18,166.63,166.63,"6,735,700"
"Jun 26, 2020",164.87,166.56,164.22,166.54,166.54,"9,753,500"
"Jun 25, 2020",165.89,165.91,165.16,165.80,165.80,"7,093,800"
"Jun 24, 2020",166.01,166.99,165.45,165.90,165.90,"10,901,400"
"Jun 23, 2020",165.63,166.52,165.52,166.48,166.48,"12,137,300"
"Jun 22, 2020",165.06,165.73,164.41,165.09,165.09,"12,385,600"
"Jun 19, 2020",162.87,164.09,162.78,164.03,164.03,"12,187,400"
"Jun 18, 2020",162.20,162.32,161.44,162.24,162.24,"5,397,600"
"Jun 17, 2020",162.00,162.62,161.77,162.56,162.56,"4,758,200"
"Jun 16, 2020",161.85,162.69,161.36,162.25,162.25,"7,964,000"
"Jun 15, 2020",160.52,162.56,160.16,162.33,162.33,"8,532,500"
"Jun 12, 2020",163.41,163.88,162.56,162.62,162.62,"6,895,400"
"Jun 11, 2020",163.35,164.06,161.97,162.39,162.39,"11,673,900"
"Jun 10, 2020",162.10,163.63,160.52,163.57,163.57,"13,009,300"
"Jun 09, 2020",161.10,161.78,160.87,161.26,161.26,"9,045,600"
"Jun 08, 2020",158.90,159.86,158.47,159.72,159.72,"9,244,400"
"Jun 05, 2020",158.72,158.72,157.04,158.01,158.01,"16,021,200"
"Jun 04, 2020",161.14,161.87,159.84,161.28,161.28,"10,094,000"
"Jun 03, 2020",160.34,160.90,158.82,159.60,159.60,"17,000,500"
"Jun 02, 2020",163.89,164.08,161.86,162.60,162.60,"10,388,900"
"Jun 01, 2020",162.92,163.74,162.39,163.66,163.66,"8,140,200"
"May 29, 2020",162.58,163.40,162.32,162.91,162.91,"12,581,800"
"May 28, 2020",162.12,162.46,160.90,161.72,161.72,"9,758,500"
"May 27, 2020",159.42,161.34,159.20,161.18,161.18,"13,063,500"
"May 26, 2020",162.58,162.58,160.69,160.89,160.89,"13,972,000"
"May 22, 2020",162.88,163.47,162.74,163.21,163.21,"8,540,900"
"May 21, 2020",163.46,163.58,161.37,162.25,162.25,"11,791,000"
"May 20, 2020",164.54,164.96,163.89,164.65,164.65,"10,666,100"
"May 19, 2020",163.60,164.43,163.04,164.26,164.26,"8,535,800"
"May 18, 2020",164.33,164.50,162.41,162.69,162.69,"14,133,800"
"May 15, 2020",164.02,164.80,163.08,163.93,163.93,"13,918,800"
"May 14, 2020",161.53,163.34,161.51,163.01,163.01,"17,084,400"
"May 13, 2020",160.94,161.62,160.54,161.58,161.58,"10,950,400"
"May 12, 2020",160.30,160.95,159.72,160.04,160.04,"10,406,000"
"May 11, 2020",160.34,160.71,158.89,159.42,159.42,"11,209,800"
"May 08, 2020",161.08,162.00,160.00,160.42,160.42,"12,240,900"
"May 07, 2020",159.50,161.96,159.36,161.39,161.39,"13,691,700"
"May 06, 2020",158.99,159.81,158.10,158.95,158.95,"13,352,000"
"May 05, 2020",160.16,161.10,159.33,161.02,161.02,"10,563,100"
"May 04, 2020",160.33,160.95,159.91,160.34,160.34,"7,986,200"
"May 01, 2020",158.00,160.45,157.80,159.78,159.78,"10,914,300"
"Apr 30, 2020",160.22,160.82,158.13,158.80,158.80,"13,633,500"
"Apr 29, 2020",160.10,161.85,159.76,161.73,161.73,"12,232,300"
"Apr 28, 2020",160.89,160.98,159.16,160.84,160.84,"10,383,000"
"Apr 27, 2020",161.88,162.00,160.41,161.56,161.56,"9,033,500"
"Apr 24, 2020",163.13,163.31,160.89,162.64,162.64,"11,199,300"
"Apr 23, 2020",162.39,163.60,161.84,163.34,163.34,"14,928,500"
"Apr 22, 2020",160.50,161.74,160.42,161.73,161.73,"12,902,100"
"Apr 21, 2020",157.60,159.21,157.04,158.61,158.61,"12,478,100"
"Apr 20, 2020",158.62,160.22,158.46,159.70,159.70,"10,688,700"
"Apr 17, 2020",159.72,160.07,158.12,158.57,158.57,"14,652,700"
"Apr 16, 2020",161.88,163.15,160.65,161.71,161.71,"9,233,200"
"Apr 15, 2020",161.80,162.54,160.81,161.85,161.85,"12,141,900"
"Apr 14, 2020",162.73,164.42,161.78,162.68,162.68,"17,095,100"
"Apr 13, 2020",159.17,162.38,158.63,161.41,161.41,"20,549,200"
"Apr 09, 2020",158.08,159.08,157.21,158.69,158.69,"18,123,000"
"Apr 08, 2020",155.91,155.94,154.59,154.65,154.65,"7,600,800"
"Apr 07, 2020",155.33,156.14,154.38,156.04,156.04,"9,195,400"
"Apr 06, 2020",154.16,157.22,153.96,156.88,156.88,"14,739,300"
"Apr 03, 2020",152.23,153.09,151.66,152.65,152.65,"8,469,100"
"Apr 02, 2020",151.20,152.50,150.70,151.90,151.90,"9,188,300"
"Apr 01, 2020",148.20,150.08,147.85,149.45,149.45,"11,827,400"
"Mar 31, 2020",151.36,151.80,147.97,148.05,148.05,"13,319,500"
"Mar 30, 2020",152.41,153.08,151.57,152.92,152.92,"12,080,900"
"Mar 27, 2020",153.00,153.55,152.00,152.25,152.25,"9,824,600"
"Mar 26, 2020",153.31,154.81,152.08,153.24,153.24,"12,778,200"
"Mar 25, 2020",152.58,152.88,151.01,151.30,151.30,"16,457,200"
"Mar 24, 2020",153.50,155.66,152.05,153.40,153.40,"20,743,500"
"Mar 23, 2020",142.68,146.93,142.28,146.30,146.30,"28,275,200"
"Mar 20, 2020",140.71,141.17,139.14,140.11,140.11,"20,056,000"
"Mar 19, 2020",139.08,140.50,137.85,138.04,138.04,"20,828,900"
"Mar 18, 2020",141.75,142.88,138.50,140.70,140.70,"21,953,400"
"Mar 17, 2020",140.18,146.20,139.93,143.56,143.56,"24,490,300"
"Mar 16, 2020",137.56,142.96,136.12,141.64,141.64,"24,496,000"
"Mar 13, 2020",149.42,149.60,141.58,143.28,143.28,"35,177,200"
"Mar 12, 2020",151.53,151.55,146.85,147.79,147.79,"32,893,400"
"Mar 11, 2020",156.25,156.50,153.61,153.93,153.93,"18,159,900"
"Mar 10, 2020",156.18,156.41,154.39,154.48,154.48,"18,811,500"
"Mar 09, 2020",158.60,159.37,156.33,157.81,157.81,"24,868,700"
"Mar 06, 2020",158.33,159.25,154.54,157.55,157.55,"26,973,400"
"Mar 05, 2020",156.06,157.62,155.72,157.49,157.49,"17,973,500"
"Mar 04, 2020",154.40,154.96,153.70,154.16,154.16,"12,315,500"
"Mar 03, 2020",150.84,155.24,150.74,153.89,153.89,"28,687,700"
"Mar 02, 2020",150.00,150.73,149.04,149.20,149.20,"16,295,400"
"Feb 28, 2020",152.71,152.77,147.05,148.38,148.38,"42,699,600"
"Feb 27, 2020",155.58,156.27,153.90,154.00,154.00,"27,878,500"
"Feb 26, 2020",153.82,155.28,152.90,153.97,153.97,"17,912,500"
"Feb 25, 2020",155.12,156.08,152.91,153.30,153.30,"28,091,500"
"Feb 24, 2020",158.50,158.53,155.36,156.09,156.09,"27,171,000"
"Feb 21, 2020",154.43,155.22,154.18,154.70,154.70,"16,344,500"
"Feb 20, 2020",152.00,152.83,151.95,152.41,152.41,"8,457,300"
"Feb 19, 2020",151.00,151.82,150.82,151.79,151.79,"9,269,800"
"Feb 18, 2020",149.88,151.09,149.47,150.91,150.91,"11,524,900"
"Feb 14, 2020",148.74,149.13,148.63,149.00,149.00,"5,345,400"
"Feb 13, 2020",148.24,148.58,147.95,148.38,148.38,"7,082,100"
"Feb 12, 2020",147.42,147.81,147.16,147.54,147.54,"5,040,600"
"Feb 11, 2020",148.03,148.16,147.01,147.66,147.66,"5,179,400"
"Feb 10, 2020",148.21,148.45,147.91,148.17,148.17,"5,793,600"
"Feb 07, 2020",147.83,148.18,147.34,147.79,147.79,"6,379,300"
"Feb 06, 2020",147.28,147.63,147.00,147.40,147.40,"4,819,800"
"Feb 05, 2020",146.38,146.81,146.16,146.61,146.61,"6,160,700"
"Feb 04, 2020",146.97,147.03,145.80,146.43,146.43,"10,525,600"
"Feb 03, 2020",148.66,148.78,147.68,148.36,148.36,"9,105,300"
"Jan 31, 2020",148.88,149.68,148.81,149.33,149.33,"14,788,300"
"Jan 30, 2020",148.69,149.31,148.01,148.47,148.47,"9,119,500"
"Jan 29, 2020",147.70,148.56,147.61,148.46,148.46,"5,013,100"
"Jan 28, 2020",148.36,148.56,147.53,147.66,147.66,"7,543,100"
"Jan 27, 2020",149.24,149.32,148.46,148.99,148.99,"9,988,100"
"Jan 24, 2020",146.90,148.38,146.89,147.98,147.98,"9,919,900"
"Jan 23, 2020",147.00,147.62,146.62,147.12,147.12,"8,419,800"
"Jan 22, 2020",146.68,146.81,146.38,146.79,146.79,"4,778,200"
"Jan 21, 2020",145.77,146.86,145.55,146.74,146.74,"6,086,100"
"Jan 17, 2020",146.51,146.99,146.31,146.58,146.58,"11,121,100"
"Jan 16, 2020",146.27,146.47,145.76,146.31,146.31,"6,069,100"
"Jan 15, 2020",146.21,146.73,145.82,146.54,146.54,"6,510,000"
"Jan 14, 2020",145.42,145.81,145.08,145.69,145.69,"6,589,700"
"Jan 13, 2020",146.35,146.38,145.78,145.82,145.82,"7,593,800"
"Jan 10, 2020",146.22,146.99,146.17,146.91,146.91,"6,183,300"
"Jan 09, 2020",146.07,146.41,145.44,146.03,146.03,"10,292,300"
"Jan 08, 2020",148.49,148.61,146.14,146.86,146.86,"22,248,500"
"Jan 07, 2020",147.57,148.14,147.43,147.97,147.97,"7,978,500"
"Jan 06, 2020",148.44,148.48,146.95,147.39,147.39,"14,403,300"
"Jan 03, 2020",145.75,146.32,145.40,145.86,145.86,"12,272,800"
"Jan 02, 2020",143.86,144.21,143.40,143.95,143.95,"7,733,800"
"Dec 31, 2019",143.31,143.60,142.80,142.90,142.90,"5,313,500"
"Dec 30, 2019",142.56,142.80,142.46,142.63,142.63,"4,810,600"
"Dec 27, 2019",142.26,142.73,142.17,142.33,142.33,"5,119,900"
"Dec 26, 2019",142.06,142.47,141.91,142.38,142.38,"8,342,500"
"Dec 24, 2019",140.44,141.33,140.43,141.27,141.27,"5,303,700"
"Dec 23, 2019",139.53,139.96,139.53,139.95,139.95,"5,180,900"
"Dec 20, 2019",139.37,139.52,138.98,139.52,139.52,"4,463,900"
"Dec 19, 2019",139.04,139.55,138.87,139.38,139.38,"4,975,000"
"Dec 18, 2019",138.86,139.25,138.81,139.02,139.02,"3,607,600"
"Dec 17, 2019",139.02,139.30,138.85,139.01,139.01,"4,287,500"
"Dec 16, 2019",139.20,139.39,138.80,139.04,139.04,"4,646,100"
"Dec 13, 2019",138.52,139.21,137.98,139.05,139.05,"6,964,300"
"Dec 12, 2019",139.78,139.85,137.88,138.43,138.43,"8,815,100"
"Dec 11, 2019",138.20,139.30,138.12,138.92,138.92,"6,097,500"
"Dec 10, 2019",138.25,138.33,137.74,137.97,137.97,"3,240,800"
"Dec 09, 2019",137.80,137.81,137.45,137.58,137.58,"2,711,600"
"Dec 06, 2019",137.76,137.83,137.40,137.62,137.62,"8,714,500"
"Dec 05, 2019",138.80,139.45,138.79,139.00,139.00,"5,671,500"
"Dec 04, 2019",139.16,139.17,138.59,138.92,138.92,"6,322,300"
"Dec 03, 2019",139.04,139.57,138.97,139.11,139.11,"8,481,700"
"Dec 02, 2019",137.32,138.09,137.30,137.79,137.79,"8,274,700"
"Nov 29, 2019",137.10,138.13,137.08,137.86,137.86,"4,516,400"
"Nov 27, 2019",137.03,137.21,136.83,137.01,137.01,"4,111,000"
"Nov 26, 2019",136.98,137.80,136.58,137.74,137.74,"4,724,400"
"Nov 25, 2019",137.32,137.62,136.99,137.08,137.08,"6,415,800"
"Nov 22, 2019",138.37,138.46,137.66,137.74,137.74,"3,620,300"
"Nov 21, 2019",138.39,138.56,137.77,138.00,138.00,"4,197,200"
"Nov 20, 2019",138.53,139.00,138.10,138.76,138.76,"6,892,100"
"Nov 19, 2019",138.13,138.97,138.13,138.69,138.69,"4,824,400"
"Nov 18, 2019",138.44,138.85,138.30,138.62,138.62,"5,717,900"
"Nov 15, 2019",138.03,138.42,137.97,138.21,138.21,"10,106,700"
"Nov 14, 2019",138.39,138.94,137.87,138.56,138.56,"5,220,500"
"Nov 13, 2019",137.80,138.22,137.64,137.98,137.98,"8,776,000"
"Nov 12, 2019",137.03,137.59,136.19,137.43,137.43,"6,448,600"
"Nov 11, 2019",137.61,137.79,136.44,137.06,137.06,"7,037,300"
"Nov 08, 2019",137.73,138.33,137.39,137.39,137.39,"10,377,400"
"Nov 07, 2019",140.11,140.20,137.60,138.27,138.27,"15,214,200"
"Nov 06, 2019",140.12,140.79,140.00,140.45,140.45,"6,416,500"
"Nov 05, 2019",140.65,140.89,139.38,139.85,139.85,"11,782,300"
"Nov 04, 2019",142.26,142.45,141.74,142.15,142.15,"4,740,300"
"Nov 01, 2019",142.21,142.90,142.01,142.56,142.56,"8,090,000"
"Oct 31, 2019",141.98,142.69,141.89,142.43,142.43,"7,050,900"
"Oct 30, 2019",140.54,141.04,139.55,141.02,141.02,"6,992,900"
"Oct 29, 2019",140.00,140.63,139.78,140.25,140.25,"3,835,400"
"Oct 28, 2019",141.25,141.25,140.40,140.64,140.64,"5,442,000"
"Oct 25, 2019",142.79,142.83,141.40,141.86,141.86,"6,011,500"
"Oct 24, 2019",141.02,141.74,140.93,141.53,141.53,"6,174,800"
"Oct 23, 2019",140.59,141.00,140.50,140.53,140.53,"4,155,300"
"Oct 22, 2019",140.13,140.30,139.72,140.20,140.20,"3,879,700"
"Oct 21, 2019",140.72,140.76,139.60,139.79,139.79,"8,306,200"
"Oct 18, 2019",140.50,140.71,140.32,140.46,140.46,"6,416,100"
"Oct 17, 2019",140.50,141.12,140.42,140.61,140.61,"6,131,000"
"Oct 16, 2019",140.14,140.53,139.70,140.41,140.41,"10,330,300"
"Oct 15, 2019",140.27,140.30,139.21,139.61,139.61,"9,128,300"
"Oct 14, 2019",140.45,140.82,140.34,140.59,140.59,"4,006,700"
"Oct 11, 2019",139.97,140.19,138.91,140.03,140.03,"11,333,400"
"Oct 10, 2019",141.59,141.66,140.58,140.81,140.81,"9,301,700"
"Oct 09, 2019",142.16,142.58,141.62,142.05,142.05,"6,927,700"
"Oct 08, 2019",142.03,142.29,141.17,141.92,141.92,"10,428,900"
"Oct 07, 2019",141.16,141.77,140.24,140.69,140.69,"6,127,200"
"Oct 04, 2019",141.48,142.31,141.14,141.90,141.90,"9,651,000"
"Oct 03, 2019",141.36,143.25,141.29,141.90,141.90,"12,396,100"
"Oct 02, 2019",140.79,141.88,140.46,141.26,141.26,"11,914,300"
"Oct 01, 2019",138.07,140.19,137.80,139.63,139.63,"12,476,200"
"Sep 30, 2019",139.77,140.21,138.03,138.87,138.87,"15,459,100"
"Sep 27, 2019",140.35,141.68,140.16,141.06,141.06,"9,804,200"
"Sep 26, 2019",142.19,142.57,141.56,141.79,141.79,"7,984,600"
"Sep 25, 2019",144.08,144.29,141.44,141.83,141.83,"11,648,400"
"Sep 24, 2019",143.21,144.77,142.88,144.51,144.51,"10,576,300"
"Sep 23, 2019",143.22,143.94,143.07,143.75,143.75,"9,006,500"
"Sep 20, 2019",141.61,143.03,141.46,142.95,142.95,"12,110,000"
"Sep 19, 2019",141.57,141.74,141.09,141.28,141.28,"8,057,400"
"Sep 18, 2019",141.93,142.53,139.81,140.71,140.71,"15,026,300"
"Sep 17, 2019",141.82,142.11,141.22,141.60,141.60,"7,010,200"
"Sep 16, 2019",141.60,142.05,141.02,141.32,141.32,"8,094,600"
"Sep 13, 2019",141.73,141.99,140.06,140.15,140.15,"13,451,700"
"Sep 12, 2019",142.68,143.10,141.11,141.32,141.32,"12,673,700"
"Sep 11, 2019",140.34,141.26,140.28,141.03,141.03,"7,453,000"
"Sep 10, 2019",141.23,141.53,140.16,140.18,140.18,"12,629,200"
"Sep 09, 2019",142.37,142.46,141.18,141.39,141.39,"11,323,800"
"Sep 06, 2019",143.64,144.06,141.86,141.92,141.92,"14,175,200"
"Sep 05, 2019",144.98,145.01,142.00,143.14,143.14,"20,293,200"
"Sep 04, 2019",145.54,146.82,145.50,146.66,146.66,"11,285,900"
"Sep 03, 2019",144.96,146.13,144.74,145.75,145.75,"15,615,200"
"Aug 30, 2019",143.84,144.88,143.02,143.75,143.75,"9,642,200"
"Aug 29, 2019",145.40,145.49,143.28,144.12,144.12,"14,762,500"
"Aug 28, 2019",145.39,145.68,144.64,145.16,145.16,"11,452,400"
"Aug 27, 2019",144.30,145.68,144.27,145.57,145.57,"12,844,100"
"Aug 26, 2019",144.35,144.97,143.91,144.19,144.19,"12,195,800"
"Aug 23, 2019",141.84,144.33,141.64,144.17,144.17,"20,282,200"
"Aug 22, 2019",141.39,141.90,141.17,141.40,141.40,"6,846,500"
"Aug 21, 2019",141.62,142.17,141.46,141.76,141.76,"8,114,700"
"Aug 20, 2019",141.77,142.26,141.60,142.21,142.21,"7,478,500"
"Aug 19, 2019",141.33,141.79,140.85,141.11,141.11,"10,552,700"
"Aug 16, 2019",142.75,143.13,141.80,142.78,142.78,"11,728,800"
"Aug 15, 2019",142.96,144.02,142.61,143.70,143.70,"13,467,800"
"Aug 14, 2019",142.90,143.75,142.05,142.75,142.75,"20,672,900"
"Aug 13, 2019",143.17,143.29,139.35,141.78,141.78,"29,842,800"
"Aug 12, 2019",141.67,143.38,141.64,142.63,142.63,"15,264,000"
"Aug 09, 2019",141.28,142.03,140.96,141.26,141.26,"9,485,900"
"Aug 08, 2019",140.90,142.37,140.71,141.73,141.73,"13,108,600"
"Aug 07, 2019",141.28,142.47,140.88,141.02,141.02,"26,671,100"
"Aug 06, 2019",138.33,139.03,138.01,138.91,138.91,"9,471,200"
"Aug 05, 2019",137.93,138.64,137.05,137.79,137.79,"17,519,800"
"Aug 02, 2019",135.39,136.60,135.37,135.89,135.89,"13,753,200"
"Aug 01, 2019",132.42,136.43,132.31,136.41,136.41,"27,719,800"
"Jul 31, 2019",135.03,135.42,133.02,133.21,133.21,"18,797,200"
"Jul 30, 2019",134.76,135.18,134.41,134.98,134.98,"9,458,700"
"Jul 29, 2019",134.06,134.73,133.44,134.53,134.53,"9,162,400"
"Jul 26, 2019",134.24,134.29,133.59,133.64,133.64,"6,249,900"
"Jul 25, 2019",134.24,134.28,133.09,133.42,133.42,"11,708,200"
"Jul 24, 2019",134.59,134.84,133.98,134.37,134.37,"6,715,200"
"Jul 23, 2019",134.43,134.95,133.56,133.69,133.69,"9,981,400"
"Jul 22, 2019",134.56,134.82,134.32,134.45,134.45,"7,570,400"
"Jul 19, 2019",135.45,136.03,133.97,134.47,134.47,"18,079,200"
"Jul 18, 2019",133.83,136.63,133.61,136.48,136.48,"18,448,200"
"Jul 17, 2019",133.00,134.60,132.89,134.58,134.58,"11,288,300"
"Jul 16, 2019",133.18,133.30,132.13,132.40,132.40,"7,966,000"
"Jul 15, 2019",133.18,133.53,132.81,133.53,133.53,"4,026,600"
"Jul 12, 2019",132.89,133.69,132.53,133.53,133.53,"6,309,500"
"Jul 11, 2019",133.58,133.70,132.41,132.70,132.70,"7,535,100"
"Jul 10, 2019",132.94,133.87,132.35,133.83,133.83,"13,920,600"
"Jul 09, 2019",131.43,132.10,131.16,131.75,131.75,"6,633,400"
"Jul 08, 2019",132.18,132.34,131.28,131.29,131.29,"8,028,900"
"Jul 05, 2019",131.46,132.32,130.81,132.14,132.14,"11,536,600"
"Jul 03, 2019",133.61,134.10,133.23,133.63,133.63,"6,351,500"
"Jul 02, 2019",131.27,133.63,131.16,133.41,133.41,"13,282,100"
"Jul 01, 2019",131.56,131.76,130.55,130.62,130.62,"13,317,700"
"Jun 28, 2019",133.05,133.34,132.61,133.20,133.20,"8,077,000"
"Jun 27, 2019",132.38,132.97,132.26,132.84,132.84,"8,412,800"
"Jun 26, 2019",132.99,133.55,132.41,132.97,132.97,"12,016,400"
"Jun 25, 2019",134.90,135.55,133.21,134.20,134.20,"24,772,200"
"Jun 24, 2019",132.77,134.04,132.58,133.94,133.94,"17,851,800"
"Jun 21, 2019",131.77,132.17,131.07,131.98,131.98,"15,068,000"
"Jun 20, 2019",130.41,131.49,130.19,131.11,131.11,"18,636,300"
"Jun 19, 2019",126.77,127.99,126.70,127.89,127.89,"11,660,600"
"Jun 18, 2019",127.58,127.75,126.39,127.12,127.12,"10,309,600"
"Jun 17, 2019",126.70,126.77,126.17,126.48,126.48,"4,763,300"
"Jun 14, 2019",127.21,127.63,126.26,126.56,126.56,"9,226,100"
"Jun 13, 2019",126.03,126.77,125.96,126.60,126.60,"5,374,800"
"Jun 12, 2019",125.60,126.20,125.56,125.83,125.83,"5,756,200"
"Jun 11, 2019",124.94,125.40,124.88,125.18,125.18,"4,757,800"
"Jun 10, 2019",125.46,125.53,125.07,125.33,125.33,"5,410,000"
"Jun 07, 2019",126.79,127.25,126.32,126.59,126.59,"8,145,900"
"Jun 06, 2019",125.93,126.45,125.80,125.88,125.88,"5,551,800"
"Jun 05, 2019",126.18,126.37,125.24,125.47,125.47,"7,637,900"
"Jun 04, 2019",124.88,125.42,124.61,125.15,125.15,"7,997,100"
"Jun 03, 2019",124.09,125.34,123.90,125.11,125.11,"14,173,600"
"May 31, 2019",122.55,123.40,122.32,123.33,123.33,"15,367,000"
"May 30, 2019",120.96,121.69,120.80,121.69,121.69,"7,757,000"
"May 29, 2019",121.11,121.26,120.75,120.87,120.87,"4,133,200"
"May 28, 2019",120.80,120.84,120.46,120.83,120.83,"4,303,500"
"May 24, 2019",121.13,121.31,120.89,121.30,121.30,"2,324,700"
"May 23, 2019",120.82,121.52,120.77,121.17,121.17,"6,054,600"
"May 22, 2019",120.35,120.50,120.19,120.24,120.24,"3,741,800"
"May 21, 2019",120.08,120.36,119.83,120.36,120.36,"3,845,600"
"May 20, 2019",120.51,120.74,120.42,120.64,120.64,"4,345,800"
"May 17, 2019",121.03,121.06,120.33,120.65,120.65,"6,589,300"
"May 16, 2019",122.03,122.07,121.19,121.51,121.51,"6,349,400"
"May 15, 2019",122.71,122.77,122.22,122.39,122.39,"10,299,000"
"May 14, 2019",122.60,122.66,122.12,122.46,122.46,"5,556,000"
"May 13, 2019",122.63,122.85,122.33,122.67,122.67,"11,130,900"
"May 10, 2019",121.41,121.73,121.30,121.43,121.43,"4,586,000"
"May 09, 2019",120.96,121.62,120.86,121.20,121.20,"5,015,500"
"May 08, 2019",121.54,121.54,120.77,120.91,120.91,"4,178,800"
"May 07, 2019",121.02,121.42,120.91,121.21,121.21,"4,010,700"
"May 06, 2019",120.61,121.12,120.54,120.81,120.81,"3,479,600"
"May 03, 2019",120.56,121.08,120.48,120.65,120.65,"8,414,400"
"May 02, 2019",119.69,120.11,119.54,119.94,119.94,"6,759,600"
"May 01, 2019",121.03,121.55,120.18,120.40,120.40,"12,331,800"
"Apr 30, 2019",120.89,121.36,120.85,121.20,121.20,"4,758,600"
"Apr 29, 2019",120.88,120.91,120.67,120.83,120.83,"4,469,300"
"Apr 26, 2019",121.26,121.67,121.22,121.37,121.37,"6,022,700"
"Apr 25, 2019",120.72,121.10,120.50,120.57,120.57,"4,836,900"
"Apr 24, 2019",120.06,120.72,120.04,120.47,120.47,"4,173,000"
"Apr 23, 2019",119.67,120.20,119.55,120.12,120.12,"5,574,800"
"Apr 22, 2019",120.46,120.50,120.27,120.37,120.37,"2,250,900"
"Apr 18, 2019",120.24,120.54,120.15,120.37,120.37,"4,090,400"
"Apr 17, 2019",120.46,120.51,120.20,120.28,120.28,"4,693,900"
"Apr 16, 2019",120.38,120.63,120.19,120.51,120.51,"10,097,800"
"Apr 15, 2019",121.20,121.82,121.10,121.60,121.60,"4,252,400"
"Apr 12, 2019",121.96,122.31,121.80,121.83,121.83,"5,272,800"
"Apr 11, 2019",122.54,122.75,121.79,121.95,121.95,"11,694,500"
"Apr 10, 2019",123.22,123.77,123.19,123.53,123.53,"6,344,800"
"Apr 09, 2019",123.26,123.35,123.03,123.15,123.15,"4,648,400"
"Apr 08, 2019",122.97,123.02,122.40,122.51,122.51,"4,270,800"
"Apr 05, 2019",121.88,122.13,121.66,121.98,121.98,"5,114,500"
"Apr 04, 2019",121.10,122.24,120.96,122.11,122.11,"7,508,400"
"Apr 03, 2019",121.73,122.01,121.68,121.80,121.80,"6,152,200"
"Apr 02, 2019",121.72,122.01,121.68,121.98,121.98,"4,475,000"
"Apr 01, 2019",122.40,122.43,121.46,121.53,121.53,"13,560,000"
"Mar 29, 2019",122.64,122.75,122.01,122.01,122.01,"7,093,900"
"Mar 28, 2019",122.28,122.36,121.71,121.90,121.90,"11,878,300"
"Mar 27, 2019",124.35,124.38,123.56,123.65,123.65,"6,595,000"
"Mar 26, 2019",124.48,124.51,124.07,124.30,124.30,"5,056,100"
"Mar 25, 2019",124.56,125.11,124.48,124.92,124.92,"7,288,300"
"Mar 22, 2019",123.93,124.22,123.73,123.97,123.97,"5,874,000"
"Mar 21, 2019",124.36,124.37,123.11,123.68,123.68,"7,739,800"
"Mar 20, 2019",123.66,124.42,122.65,124.18,124.18,"11,304,900"
"Mar 19, 2019",123.72,123.79,123.34,123.38,123.38,"6,558,700"
"Mar 18, 2019",123.30,123.40,122.89,123.04,123.04,"7,783,200"
"Mar 15, 2019",123.06,123.40,122.91,122.97,122.97,"9,412,000"
"Mar 14, 2019",122.33,122.55,122.12,122.41,122.41,"6,778,200"
"Mar 13, 2019",123.56,123.88,123.43,123.84,123.84,"7,377,300"
"Mar 12, 2019",122.54,123.03,122.40,122.98,122.98,"6,289,900"
"Mar 11, 2019",122.52,122.54,121.92,122.24,122.24,"6,708,700"
"Mar 08, 2019",122.70,122.89,122.37,122.84,122.84,"10,427,700"
"Mar 07, 2019",121.27,121.71,121.18,121.51,121.51,"6,088,800"
"Mar 06, 2019",121.43,121.64,121.26,121.61,121.61,"4,820,400"
"Mar 05, 2019",121.38,121.73,121.03,121.72,121.72,"7,120,100"
"Mar 04, 2019",121.56,121.85,121.18,121.56,121.56,"10,272,600"
"Mar 01, 2019",123.48,123.96,121.87,121.88,121.88,"16,411,700"
"Feb 28, 2019",124.71,124.71,123.98,123.99,123.99,"7,811,700"
"Feb 27, 2019",125.17,125.23,124.40,124.69,124.69,"7,935,600"
"Feb 26, 2019",125.33,125.62,125.05,125.58,125.58,"5,153,200"
"Feb 25, 2019",125.78,125.90,125.23,125.37,125.37,"4,882,600"
"Feb 22, 2019",125.53,125.95,125.39,125.50,125.50,"5,439,400"
"Feb 21, 2019",126.15,126.22,125.05,125.05,125.05,"8,634,600"
"Feb 20, 2019",127.00,127.21,126.31,126.48,126.48,"8,889,700"
"Feb 19, 2019",125.98,126.79,125.93,126.70,126.70,"15,614,000"
"Feb 15, 2019",124.59,125.00,124.18,124.80,124.80,"12,190,100"
"Feb 14, 2019",123.84,124.20,123.53,124.06,124.06,"6,276,500"
"Feb 13, 2019",123.84,124.55,123.31,123.37,123.37,"7,640,500"
"Feb 12, 2019",123.96,124.03,123.61,123.86,123.86,"4,271,900"
"Feb 11, 2019",123.19,123.82,123.19,123.60,123.60,"4,821,800"
"Feb 08, 2019",124.05,124.33,123.98,124.21,124.21,"4,235,200"
"Feb 07, 2019",123.80,123.95,123.44,123.74,123.74,"5,935,500"
"Feb 06, 2019",124.16,124.19,123.40,123.44,123.44,"6,595,100"
"Feb 05, 2019",124.29,124.42,124.05,124.28,124.28,"6,291,100"
"Feb 04, 2019",123.99,124.29,123.82,123.96,123.96,"6,878,900"
"Feb 01, 2019",124.89,125.05,124.37,124.50,124.50,"12,485,500"
"Jan 31, 2019",125.18,125.23,124.62,124.75,124.75,"10,209,500"
"Jan 30, 2019",123.91,125.07,123.70,124.69,124.69,"12,104,000"
"Jan 29, 2019",123.71,124.00,123.46,123.98,123.98,"11,610,200"
"Jan 28, 2019",122.75,123.29,122.72,123.29,123.29,"8,522,200"
"Jan 25, 2019",122.02,122.91,122.02,122.86,122.86,"11,103,300"
"Jan 24, 2019",121.16,121.36,120.92,121.09,121.09,"5,662,500"
"Jan 23, 2019",120.96,121.54,120.86,121.28,121.28,"5,224,900"
"Jan 22, 2019",121.18,121.50,120.90,121.45,121.45,"7,896,500"
"Jan 18, 2019",121.23,121.52,121.02,121.02,121.02,"10,896,000"
"Jan 17, 2019",122.03,122.26,121.81,122.11,122.11,"8,558,500"
"Jan 16, 2019",122.04,122.44,122.02,122.27,122.27,"6,878,100"
"Jan 15, 2019",122.28,122.38,121.62,121.88,121.88,"7,512,500"
"Jan 14, 2019",122.15,122.24,121.87,122.09,122.09,"6,477,100"
"Jan 11, 2019",121.74,122.05,121.66,121.80,121.80,"8,622,400"
"Jan 10, 2019",121.98,122.18,121.57,121.59,121.59,"6,672,000"
"Jan 09, 2019",121.45,122.34,121.44,122.31,122.31,"10,555,900"
"Jan 08, 2019",121.15,121.71,121.06,121.53,121.53,"7,643,100"
"Jan 07, 2019",122.16,122.22,121.57,121.86,121.86,"7,473,600"
"Jan 04, 2019",121.32,121.60,120.69,121.44,121.44,"13,334,000"
"Jan 03, 2019",121.78,122.46,121.73,122.43,122.43,"15,440,800"
"Jan 02, 2019",121.35,121.75,120.88,121.33,121.33,"12,776,200"
"Dec 31, 2018",120.98,121.26,120.83,121.25,121.25,"8,449,400"
"Dec 28, 2018",120.80,121.08,120.72,121.06,121.06,"6,864,700"
"Dec 27, 2018",120.57,120.90,120.14,120.57,120.57,"11,874,400"
"Dec 26, 2018",120.62,121.00,119.57,119.66,119.66,"14,293,500"
"Dec 24, 2018",119.57,120.14,119.57,120.02,120.02,"9,736,400"
"Dec 21, 2018",119.19,119.25,118.57,118.72,118.72,"13,629,800"
"Dec 20, 2018",119.11,119.74,118.68,119.24,119.24,"18,615,100"
"Dec 19, 2018",118.24,118.96,117.40,117.43,117.43,"13,827,500"
"Dec 18, 2018",117.85,118.20,117.81,118.15,118.15,"7,542,900"
"Dec 17, 2018",117.37,118.03,117.35,117.87,117.87,"8,454,900"
"Dec 14, 2018",116.63,117.30,116.58,117.06,117.06,"7,501,700"
"Dec 13, 2018",117.54,117.62,117.26,117.53,117.53,"4,131,800"
"Dec 12, 2018",117.70,117.95,117.61,117.79,117.79,"4,136,800"
"Dec 11, 2018",117.67,117.89,117.35,117.54,117.54,"6,395,400"
"Dec 10, 2018",117.70,117.94,117.42,117.68,117.68,"8,117,900"
"Dec 07, 2018",117.62,118.23,117.54,118.09,118.09,"10,402,900"
"Dec 06, 2018",117.38,117.69,116.92,117.14,117.14,"9,267,600"
"Dec 04, 2018",117.37,117.39,116.93,117.12,117.12,"7,186,100"
"Dec 03, 2018",116.60,116.77,116.30,116.41,116.41,"8,469,500"
"Nov 30, 2018",115.42,115.66,115.04,115.54,115.54,"8,169,600"
"Nov 29, 2018",115.97,116.24,115.56,115.74,115.74,"6,479,300"
"Nov 28, 2018",114.76,116.07,114.59,115.38,115.38,"13,788,800"
"Nov 27, 2018",115.55,115.63,114.60,114.95,114.95,"9,671,100"
"Nov 26, 2018",115.84,115.87,115.53,115.64,115.64,"4,018,600"
"Nov 23, 2018",115.76,115.88,115.59,115.77,115.77,"3,726,600"
"Nov 21, 2018",115.94,116.35,115.86,115.86,115.86,"8,834,200"
"Nov 20, 2018",115.94,115.95,115.37,115.67,115.67,"9,075,100"
"Nov 19, 2018",115.45,115.92,115.37,115.67,115.67,"8,508,300"
"Nov 16, 2018",115.83,115.88,115.37,115.62,115.62,"8,577,000"
"Nov 15, 2018",114.83,114.99,114.56,114.77,114.77,"8,910,600"
"Nov 14, 2018",113.53,115.06,113.46,114.64,114.64,"13,950,200"
"Nov 13, 2018",113.72,113.93,113.42,113.70,113.70,"9,309,000"
"Nov 12, 2018",114.01,114.05,113.58,113.66,113.66,"7,498,600"
"Nov 09, 2018",114.60,114.75,114.14,114.48,114.48,"14,159,200"
"Nov 08, 2018",115.77,116.15,115.50,115.78,115.78,"7,638,800"
"Nov 07, 2018",116.26,116.35,115.90,116.03,116.03,"8,392,100"
"Nov 06, 2018",116.44,116.53,115.74,116.04,116.04,"7,270,800"
"Nov 05, 2018",116.28,116.67,116.23,116.37,116.37,"6,291,500"
"Nov 02, 2018",116.61,116.98,116.39,116.65,116.65,"8,796,900"
"Nov 01, 2018",116.33,117.07,116.18,116.63,116.63,"13,662,900"
"Oct 31, 2018",114.89,115.17,114.66,115.15,115.15,"11,409,300"
"Oct 30, 2018",115.85,116.04,115.64,115.80,115.80,"7,233,300"
"Oct 29, 2018",116.41,116.54,115.84,116.31,116.31,"8,732,500"
"Oct 26, 2018",116.83,117.65,116.46,116.77,116.77,"15,733,100"
"Oct 25, 2018",116.58,116.73,116.19,116.40,116.40,"8,303,500"
"Oct 24, 2018",116.38,116.72,116.11,116.66,116.66,"8,563,300"
"Oct 23, 2018",117.16,117.25,116.33,116.39,116.39,"12,704,200"
"Oct 22, 2018",115.57,115.78,115.43,115.71,115.71,"5,200,500"
"Oct 19, 2018",116.23,116.24,115.96,116.01,116.01,"7,453,900"
"Oct 18, 2018",115.83,116.41,115.63,115.92,115.92,"7,964,100"
"Oct 17, 2018",115.89,116.33,115.68,115.79,115.79,"7,078,600"
"Oct 16, 2018",116.49,116.60,115.80,115.80,115.80,"9,531,800"
"Oct 15, 2018",116.12,116.53,115.89,116.00,116.00,"11,828,400"
"Oct 12, 2018",115.58,115.71,115.08,115.23,115.23,"12,939,300"
"Oct 11, 2018",114.20,116.04,114.09,115.78,115.78,"26,810,900"
"Oct 10, 2018",112.47,112.96,112.25,112.88,112.88,"10,571,300"
"Oct 09, 2018",112.37,112.67,111.97,112.60,112.60,"8,352,300"
"Oct 08, 2018",112.25,112.59,111.90,112.54,112.54,"12,111,600"
"Oct 05, 2018",113.81,114.10,113.57,113.80,113.80,"7,994,400"
"Oct 04, 2018",113.83,114.19,113.26,113.48,113.48,"6,616,200"
"Oct 03, 2018",113.87,114.05,113.26,113.42,113.42,"6,674,500"
"Oct 02, 2018",113.70,114.33,113.61,113.87,113.87,"10,776,700"
"Oct 01, 2018",112.40,112.62,112.15,112.57,112.57,"3,892,600"
"Sep 28, 2018",112.16,113.00,112.07,112.76,112.76,"6,020,600"
"Sep 27, 2018",112.10,112.42,111.85,112.05,112.05,"7,683,400"
"Sep 26, 2018",113.11,113.60,112.66,113.05,113.05,"8,297,300"
"Sep 25, 2018",113.75,113.89,113.57,113.65,113.65,"3,004,800"
"Sep 24, 2018",113.68,113.96,113.43,113.47,113.47,"4,435,300"
"Sep 21, 2018",112.87,113.68,112.79,113.49,113.49,"6,831,400"
"Sep 20, 2018",114.21,114.37,113.86,114.27,114.27,"4,384,200"
"Sep 19, 2018",113.94,114.15,113.68,113.88,113.88,"4,223,200"
"Sep 18, 2018",113.79,113.91,113.28,113.44,113.44,"4,737,800"
"Sep 17, 2018",113.60,114.03,113.55,113.61,113.61,"4,727,300"
"Sep 14, 2018",113.79,113.90,112.91,113.02,113.02,"5,375,600"
"Sep 13, 2018",114.72,114.78,113.58,113.76,113.76,"5,635,900"
"Sep 12, 2018",113.12,114.39,113.06,114.17,114.17,"6,315,900"
"Sep 11, 2018",112.65,113.37,112.42,113.22,113.22,"3,791,300"
"Sep 10, 2018",113.26,113.43,113.00,113.15,113.15,"2,316,500"
"Sep 07, 2018",113.26,113.60,112.97,113.23,113.23,"3,714,000"
"Sep 06, 2018",113.89,114.26,113.28,113.54,113.54,"4,784,700"
"Sep 05, 2018",113.36,113.44,113.12,113.32,113.32,"4,459,200"
"Sep 04, 2018",112.75,113.07,112.61,112.93,112.93,"6,617,500"
"Aug 31, 2018",113.72,114.06,113.44,113.51,113.51,"5,048,700"
"Aug 30, 2018",113.92,113.93,113.24,113.64,113.64,"5,431,600"
"Aug 29, 2018",114.16,114.21,113.85,114.20,114.20,"5,616,300"
"Aug 28, 2018",114.76,114.87,113.55,113.68,113.68,"6,101,400"
"Aug 27, 2018",114.12,114.78,114.12,114.59,114.59,"4,364,000"
"Aug 24, 2018",113.25,114.42,113.21,114.16,114.16,"9,214,700"
"Aug 23, 2018",112.68,112.88,112.06,112.20,112.20,"5,500,100"
"Aug 22, 2018",113.39,113.49,113.07,113.27,113.27,"6,215,600"
"Aug 21, 2018",112.77,113.10,112.44,113.02,113.02,"5,042,400"
"Aug 20, 2018",112.38,112.74,112.16,112.69,112.69,"5,313,400"
"Aug 17, 2018",111.69,112.15,111.38,112.13,112.13,"8,471,000"
"Aug 16, 2018",111.46,111.88,111.10,111.10,111.10,"7,484,600"
"Aug 15, 2018",112.17,112.18,111.06,111.19,111.19,"12,398,400"
"Aug 14, 2018",113.25,113.48,112.84,113.07,113.07,"7,085,900"
"Aug 13, 2018",113.81,113.81,112.83,112.96,112.96,"9,150,900"
"Aug 10, 2018",114.81,115.23,114.61,114.69,114.69,"6,757,900"
"Aug 09, 2018",115.02,115.12,114.69,114.74,114.74,"4,253,000"
"Aug 08, 2018",114.75,114.95,114.41,114.91,114.91,"3,808,000"
"Aug 07, 2018",114.85,114.94,114.42,114.59,114.59,"5,188,000"
"Aug 06, 2018",114.56,114.72,114.31,114.33,114.33,"5,811,600"
"Aug 03, 2018",115.09,115.53,114.86,114.92,114.92,"5,953,200"
"Aug 02, 2018",115.17,115.23,114.42,114.52,114.52,"6,204,200"
"Aug 01, 2018",115.63,115.70,115.13,115.14,115.14,"7,941,700"
"Jul 31, 2018",115.47,116.35,115.39,115.99,115.99,"5,508,500"
"Jul 30, 2018",115.80,116.02,115.64,115.65,115.65,"4,157,400"
"Jul 27, 2018",115.92,116.24,115.77,115.83,115.83,"5,242,000"
"Jul 26, 2018",116.24,116.51,115.77,115.77,115.77,"6,382,700"
"Jul 25, 2018",116.79,116.84,116.27,116.68,116.68,"5,479,600"
"Jul 24, 2018",116.22,116.43,115.91,116.04,116.04,"4,801,000"
"Jul 23, 2018",116.25,116.31,115.76,116.00,116.00,"6,247,100"
"Jul 20, 2018",116.40,116.71,116.24,116.56,116.56,"7,892,000"
"Jul 19, 2018",115.13,116.47,115.12,115.81,115.81,"14,227,600"
"Jul 18, 2018",116.03,116.35,115.83,116.31,116.31,"5,391,800"
"Jul 17, 2018",116.72,116.93,116.12,116.28,116.28,"7,939,600"
"Jul 16, 2018",117.51,117.63,117.28,117.55,117.55,"3,670,700"
"Jul 13, 2018",117.62,117.75,117.45,117.61,117.61,"5,444,300"
"Jul 12, 2018",118.00,118.26,117.94,118.13,118.13,"4,585,300"
"Jul 11, 2018",118.45,118.53,117.62,117.64,117.64,"6,974,500"
"Jul 10, 2018",118.89,119.00,118.61,118.93,118.93,"3,754,800"
"Jul 09, 2018",119.65,119.73,119.14,119.15,119.15,"4,074,900"
"Jul 06, 2018",118.97,119.03,118.73,118.86,118.86,"2,946,900"
"Jul 05, 2018",118.92,119.33,118.77,119.05,119.05,"4,951,900"
"Jul 03, 2018",118.41,119.08,118.38,118.65,118.65,"8,901,000"
"Jul 02, 2018",118.18,118.21,117.40,117.46,117.46,"12,021,900"
"Jun 29, 2018",118.43,118.94,118.26,118.65,118.65,"8,002,800"
"Jun 28, 2018",118.59,118.67,118.01,118.22,118.22,"7,760,500"
"Jun 27, 2018",118.96,119.05,118.48,118.58,118.58,"6,480,100"
"Jun 26, 2018",119.28,119.59,119.09,119.26,119.26,"8,674,500"
"Jun 25, 2018",120.00,120.23,119.83,119.89,119.89,"9,300,200"
"Jun 22, 2018",120.21,120.40,120.10,120.34,120.34,"4,489,400"
"Jun 21, 2018",119.92,120.32,119.82,120.05,120.05,"5,681,900"
"Jun 20, 2018",120.79,120.81,120.16,120.26,120.26,"4,548,500"
"Jun 19, 2018",120.81,121.03,120.58,120.80,120.80,"4,925,800"
"Jun 18, 2018",121.35,121.44,120.99,121.11,121.11,"3,846,000"
"Jun 15, 2018",122.18,122.20,120.83,121.34,121.34,"14,537,000"
"Jun 14, 2018",123.63,123.86,123.32,123.38,123.38,"8,015,400"
"Jun 13, 2018",122.84,123.34,122.47,123.19,123.19,"5,867,700"
"Jun 12, 2018",122.95,123.18,122.64,122.82,122.82,"7,279,600"
"Jun 11, 2018",123.10,123.42,123.02,123.23,123.23,"3,201,200"
"Jun 08, 2018",123.08,123.12,122.91,123.01,123.01,"3,865,700"
"Jun 07, 2018",122.96,123.15,122.69,122.86,122.86,"3,700,700"
"Jun 06, 2018",123.08,123.35,122.63,122.92,122.92,"4,083,700"
"Jun 05, 2018",122.55,123.23,122.28,122.85,122.85,"6,864,200"
"Jun 04, 2018",122.85,122.93,122.37,122.37,122.37,"4,345,400"
"Jun 01, 2018",122.58,123.09,122.44,122.49,122.49,"8,059,100"
"May 31, 2018",123.26,123.78,123.10,123.10,123.10,"7,862,500"
"May 30, 2018",123.17,123.61,123.17,123.37,123.37,"4,573,700"
"May 29, 2018",122.84,123.64,122.66,123.19,123.19,"9,013,200"
"May 25, 2018",123.66,123.70,123.21,123.21,123.21,"7,920,700"
"May 24, 2018",123.10,123.82,123.08,123.59,123.59,"8,850,100"
"May 23, 2018",122.14,122.74,122.11,122.54,122.54,"7,007,300"
"May 22, 2018",122.70,122.74,122.34,122.41,122.41,"4,579,600"
"May 21, 2018",122.16,122.53,121.97,122.48,122.48,"4,126,700"
"May 18, 2018",122.05,122.65,122.01,122.41,122.41,"6,837,100"
"May 17, 2018",122.23,122.43,122.04,122.36,122.36,"7,781,300"
"May 16, 2018",122.38,122.61,122.03,122.29,122.29,"4,943,300"
"May 15, 2018",122.82,122.82,122.13,122.48,122.48,"10,911,900"
"May 14, 2018",125.16,125.21,124.44,124.49,124.49,"3,753,200"
"May 11, 2018",125.57,125.59,124.94,125.00,125.00,"4,299,200"
"May 10, 2018",125.22,125.37,124.75,125.18,125.18,"5,218,400"
"May 09, 2018",124.45,124.87,124.24,124.33,124.33,"4,405,600"
"May 08, 2018",124.14,124.95,123.79,124.59,124.59,"5,551,100"
"May 07, 2018",124.50,124.70,124.30,124.57,124.57,"3,397,500"
"May 04, 2018",124.10,124.65,124.00,124.54,124.54,"5,883,600"
"May 03, 2018",124.66,124.76,124.24,124.28,124.28,"4,857,400"
"May 02, 2018",123.90,124.54,123.58,123.65,123.65,"7,614,000"
"May 01, 2018",123.90,123.98,123.39,123.71,123.71,"7,551,600"
"Apr 30, 2018",124.41,125.20,124.19,124.59,124.59,"9,830,600"
"Apr 27, 2018",125.20,125.62,125.17,125.50,125.50,"5,654,000"
"Apr 26, 2018",125.54,125.57,124.69,124.97,124.97,"7,517,100"
"Apr 25, 2018",125.23,125.51,125.06,125.41,125.41,"5,985,700"
"Apr 24, 2018",125.78,126.34,125.67,126.23,126.23,"4,733,100"
"Apr 23, 2018",125.62,125.76,125.34,125.62,125.62,"6,921,500"
"Apr 20, 2018",126.69,126.97,126.55,126.63,126.63,"10,403,100"
"Apr 19, 2018",127.81,127.88,127.13,127.60,127.60,"8,736,100"
"Apr 18, 2018",128.32,128.54,127.75,127.85,127.85,"6,755,600"
"Apr 17, 2018",127.02,127.78,127.00,127.75,127.75,"4,184,100"
"Apr 16, 2018",127.74,128.05,127.57,127.63,127.63,"4,600,000"
"Apr 13, 2018",127.07,127.75,127.03,127.45,127.45,"6,821,300"
"Apr 12, 2018",127.25,127.34,126.47,126.62,126.62,"8,141,300"
"Apr 11, 2018",128.09,129.47,127.78,128.11,128.11,"12,348,600"
"Apr 10, 2018",127.02,127.31,126.67,127.12,127.12,"5,268,800"
"Apr 09, 2018",126.45,126.86,126.23,126.82,126.82,"4,189,900"
"Apr 06, 2018",126.57,126.60,126.13,126.39,126.39,"6,121,200"
"Apr 05, 2018",125.45,126.08,125.43,125.80,125.80,"5,333,000"
"Apr 04, 2018",127.50,127.53,126.32,126.45,126.45,"7,488,300"
"Apr 03, 2018",126.54,126.59,126.01,126.30,126.30,"6,083,700"
"Apr 02, 2018",126.65,127.54,126.38,127.26,127.26,"11,421,100"
"Mar 29, 2018",125.42,125.81,125.31,125.79,125.79,"7,102,000"
"Mar 28, 2018",126.48,126.61,125.51,125.73,125.73,"10,254,900"
"Mar 27, 2018",127.23,127.62,127.05,127.49,127.49,"6,180,700"
"Mar 26, 2018",128.05,128.58,128.01,128.28,128.28,"6,169,800"
"Mar 23, 2018",127.82,128.06,127.61,127.61,127.61,"12,025,900"
"Mar 22, 2018",126.09,126.34,125.64,125.98,125.98,"5,298,700"
"Mar 21, 2018",125.40,126.76,125.03,126.48,126.48,"12,532,000"
"Mar 20, 2018",124.41,124.55,123.96,124.31,124.31,"3,399,400"
"Mar 19, 2018",124.57,125.16,124.42,124.87,124.87,"4,335,400"
"Mar 16, 2018",124.84,124.87,124.21,124.60,124.60,"7,402,200"
"Mar 15, 2018",125.12,125.21,124.72,124.90,124.90,"6,130,100"
"Mar 14, 2018",125.49,125.76,125.34,125.70,125.70,"3,777,000"
"Mar 13, 2018",125.67,125.99,125.05,125.78,125.78,"4,798,300"
"Mar 12, 2018",125.04,125.57,124.84,125.54,125.54,"2,884,300"
"Mar 09, 2018",124.94,125.69,124.78,125.54,125.54,"5,066,800"
"Mar 08, 2018",125.69,125.70,125.13,125.42,125.42,"3,474,900"
"Mar 07, 2018",126.22,126.29,125.42,125.72,125.72,"5,158,700"
"Mar 06, 2018",126.20,126.96,126.13,126.53,126.53,"8,676,800"
"Mar 05, 2018",125.35,125.48,124.96,125.18,125.18,"5,778,300"
"Mar 02, 2018",125.67,125.69,124.97,125.39,125.39,"9,994,300"
"Mar 01, 2018",124.15,125.31,123.58,124.72,124.72,"12,910,100"
"Feb 28, 2018",125.09,125.46,124.81,125.00,125.00,"4,534,900"
"Feb 27, 2018",126.06,126.15,124.59,125.13,125.13,"7,082,300"
"Feb 26, 2018",126.45,126.62,126.18,126.45,126.45,"3,194,300"
"Feb 23, 2018",126.06,126.30,125.85,126.14,126.14,"4,239,700"
"Feb 22, 2018",125.92,126.37,125.88,126.30,126.30,"5,346,300"
"Feb 21, 2018",126.36,126.76,125.44,125.66,125.66,"7,908,800"
"Feb 20, 2018",127.28,127.40,126.04,126.24,126.24,"11,148,700"
"Feb 16, 2018",128.30,128.70,127.57,127.96,127.96,"7,956,900"
"Feb 15, 2018",128.43,128.57,127.94,128.38,128.38,"7,276,500"
"Feb 14, 2018",126.47,128.59,126.29,128.23,128.23,"16,416,400"
"Feb 13, 2018",125.67,126.18,125.52,126.08,126.08,"5,321,300"
"Feb 12, 2018",125.19,125.82,125.11,125.37,125.37,"6,984,900"
"Feb 09, 2018",124.65,125.14,124.39,124.77,124.77,"14,140,700"
"Feb 08, 2018",124.92,125.44,124.51,124.98,124.98,"7,343,600"
"Feb 07, 2018",125.48,125.77,124.41,124.79,124.79,"8,558,500"
"Feb 06, 2018",126.54,126.55,125.22,125.38,125.38,"17,672,500"
"Feb 05, 2018",126.82,127.31,126.44,126.71,126.71,"13,596,300"
"Feb 02, 2018",126.81,126.85,125.96,126.39,126.39,"16,789,200"
"Feb 01, 2018",127.18,128.15,127.08,128.07,128.07,"10,854,600"
"Jan 31, 2018",127.45,127.85,126.40,127.65,127.65,"13,418,900"
"Jan 30, 2018",127.91,127.92,126.74,126.80,126.80,"9,736,100"
"Jan 29, 2018",127.58,127.63,126.92,127.35,127.35,"6,956,400"
"Jan 26, 2018",128.24,128.52,127.97,128.07,128.07,"7,828,700"
"Jan 25, 2018",128.69,129.51,127.36,127.97,127.97,"15,219,700"
"Jan 24, 2018",128.39,129.26,128.23,128.83,128.83,"11,827,600"
"Jan 23, 2018",126.53,127.35,126.34,127.28,127.28,"6,190,400"
"Jan 22, 2018",126.51,126.75,126.28,126.65,126.65,"4,893,500"
"Jan 19, 2018",126.57,126.73,126.41,126.42,126.42,"8,773,800"
"Jan 18, 2018",126.13,126.52,125.80,125.86,125.86,"6,289,300"
"Jan 17, 2018",126.77,127.22,125.90,126.14,126.14,"10,130,500"
"Jan 16, 2018",126.60,127.18,126.40,127.17,127.17,"8,083,900"
"Jan 12, 2018",126.01,127.13,125.81,126.96,126.96,"9,258,600"
"Jan 11, 2018",125.37,125.66,125.25,125.44,125.44,"5,994,700"
"Jan 10, 2018",125.17,125.31,124.72,125.03,125.03,"14,809,300"
"Jan 09, 2018",124.49,124.86,124.23,124.73,124.73,"9,153,600"
"Jan 08, 2018",125.20,125.32,124.90,125.31,125.31,"3,566,700"
"Jan 05, 2018",124.93,125.48,124.83,125.33,125.33,"5,739,900"
"Jan 04, 2018",124.89,125.85,124.74,125.46,125.46,"7,329,700"
"Jan 03, 2018",125.05,125.09,124.10,124.82,124.82,"7,904,300"
"Jan 02, 2018",124.66,125.18,124.39,125.15,125.15,"11,762,500"
"Dec 29, 2017",123.70,124.09,123.46,123.65,123.65,"7,852,100"
"Dec 28, 2017",122.82,122.92,122.56,122.85,122.85,"5,732,700"
"Dec 27, 2017",122.00,122.34,121.88,122.23,122.23,"6,232,700"
"Dec 26, 2017",121.55,121.87,121.51,121.77,121.77,"8,224,400"
"Dec 22, 2017",120.67,121.14,120.57,120.94,120.94,"5,791,300"
"Dec 21, 2017",120.07,120.45,120.00,120.31,120.31,"4,823,700"
"Dec 20, 2017",119.98,120.36,119.81,120.14,120.14,"5,734,600"
"Dec 19, 2017",119.67,119.90,119.53,119.82,119.82,"4,018,900"
"Dec 18, 2017",119.63,119.99,119.60,119.73,119.73,"5,452,200"
"Dec 15, 2017",119.41,119.50,118.97,119.18,119.18,"7,532,000"
"Dec 14, 2017",119.10,119.29,118.71,118.93,118.93,"6,993,600"
"Dec 13, 2017",118.19,119.35,118.01,119.17,119.17,"10,086,700"
"Dec 12, 2017",117.65,118.17,117.40,118.15,118.15,"8,020,100"
"Dec 11, 2017",118.37,118.54,117.80,118.01,118.01,"4,522,200"
"Dec 08, 2017",118.49,118.92,118.33,118.48,118.48,"5,231,300"
"Dec 07, 2017",119.01,119.24,118.10,118.49,118.49,"12,900,200"
"Dec 06, 2017",120.04,120.44,119.87,120.07,120.07,"6,643,000"
"Dec 05, 2017",120.10,120.51,119.72,120.32,120.32,"10,041,200"
"Dec 04, 2017",121.15,121.20,120.84,121.18,121.18,"6,943,700"
"Dec 01, 2017",120.94,122.43,120.74,121.59,121.59,"13,080,100"
"Nov 30, 2017",121.44,121.70,120.64,121.10,121.10,"7,936,300"
"Nov 29, 2017",122.24,122.33,121.74,122.04,122.04,"6,138,900"
"Nov 28, 2017",123.05,123.17,122.53,122.81,122.81,"5,603,100"
"Nov 27, 2017",123.26,123.33,122.67,122.83,122.83,"4,961,200"
"Nov 24, 2017",122.36,122.61,122.22,122.32,122.32,"1,779,700"
"Nov 22, 2017",122.26,122.95,122.17,122.63,122.63,"5,211,800"
"Nov 21, 2017",121.67,122.00,121.50,121.51,121.51,"4,956,500"
"Nov 20, 2017",122.30,122.41,121.04,121.31,121.31,"8,356,700"
"Nov 17, 2017",122.15,123.17,121.95,122.86,122.86,"10,614,000"
"Nov 16, 2017",121.45,121.71,121.29,121.40,121.40,"2,796,500"
"Nov 15, 2017",122.13,122.36,121.25,121.41,121.41,"4,984,800"
"Nov 14, 2017",120.90,121.91,120.77,121.56,121.56,"6,189,000"
"Nov 13, 2017",121.43,121.55,121.27,121.31,121.31,"6,249,300"
"Nov 10, 2017",121.99,122.11,120.94,121.13,121.13,"7,116,200"
"Nov 09, 2017",121.85,122.41,121.73,122.13,122.13,"6,072,400"
"Nov 08, 2017",121.95,122.25,121.59,121.63,121.63,"5,565,200"
"Nov 07, 2017",121.51,121.56,120.78,121.21,121.21,"4,165,900"
"Nov 06, 2017",120.72,121.85,120.68,121.65,121.65,"6,953,800"
"Nov 03, 2017",121.36,121.43,120.18,120.62,120.62,"6,330,600"
"Nov 02, 2017",121.29,121.96,121.05,121.19,121.19,"5,369,500"
"Nov 01, 2017",120.98,121.55,120.84,121.11,121.11,"4,647,800"
"Oct 31, 2017",120.82,120.84,120.38,120.67,120.67,"3,910,500"
"Oct 30, 2017",120.38,121.47,120.38,121.13,121.13,"5,119,200"
"Oct 27, 2017",120.38,120.99,120.21,120.90,120.90,"6,664,200"
"Oct 26, 2017",121.16,121.16,120.22,120.33,120.33,"6,438,800"
"Oct 25, 2017",121.31,121.59,120.84,121.35,121.35,"4,282,400"
"Oct 24, 2017",121.26,121.71,120.98,121.33,121.33,"5,114,100"
"Oct 23, 2017",120.98,121.90,120.96,121.80,121.80,"5,069,700"
"Oct 20, 2017",121.68,121.98,121.39,121.61,121.61,"8,481,100"
"Oct 19, 2017",122.20,122.55,122.11,122.39,122.39,"5,567,300"
"Oct 18, 2017",121.71,121.94,121.55,121.67,121.67,"3,666,400"
"Oct 17, 2017",122.03,122.32,121.73,122.13,122.13,"7,041,300"
"Oct 16, 2017",123.82,123.97,122.57,122.97,122.97,"8,202,000"
"Oct 13, 2017",123.66,123.86,123.34,123.82,123.82,"6,820,300"
"Oct 12, 2017",122.84,123.04,122.50,122.89,122.89,"3,037,600"
"Oct 11, 2017",122.57,122.88,122.03,122.79,122.79,"5,649,400"
"Oct 10, 2017",122.62,122.97,122.36,122.40,122.40,"9,315,500"
"Oct 09, 2017",121.64,122.11,121.55,122.08,122.08,"5,264,100"
"Oct 06, 2017",120.26,121.21,119.78,121.09,121.09,"10,013,300"
"Oct 05, 2017",121.15,121.24,120.40,120.52,120.52,"6,205,400"
"Oct 04, 2017",121.21,121.27,120.71,121.17,121.17,"6,475,200"
"Oct 03, 2017",120.72,121.10,120.70,120.83,120.83,"3,728,700"
"Oct 02, 2017",121.17,121.34,120.74,120.77,120.77,"11,755,400"
"Sep 29, 2017",122.29,122.30,121.55,121.58,121.58,"10,208,000"
"Sep 28, 2017",122.04,122.48,121.83,122.21,122.21,"5,968,200"
"Sep 27, 2017",122.04,122.51,121.88,121.98,121.98,"6,903,900"
"Sep 26, 2017",123.57,123.81,122.90,123.14,123.14,"8,673,600"
"Sep 25, 2017",122.78,124.66,122.71,124.53,124.53,"10,257,200"
"Sep 22, 2017",123.03,123.39,122.93,123.24,123.24,"6,011,900"
"Sep 21, 2017",122.56,123.07,122.49,122.68,122.68,"7,757,900"
"Sep 20, 2017",124.68,125.06,123.15,123.62,123.62,"11,415,400"
"Sep 19, 2017",124.49,124.65,124.03,124.62,124.62,"5,826,500"
"Sep 18, 2017",124.71,124.76,123.97,124.36,124.36,"8,859,800"
"Sep 15, 2017",125.99,125.99,125.41,125.53,125.53,"8,375,100"
"Sep 14, 2017",125.66,126.44,125.62,126.16,126.16,"5,330,700"
"Sep 13, 2017",126.40,126.45,125.50,125.61,125.61,"8,491,000"
"Sep 12, 2017",126.03,126.59,125.94,126.56,126.56,"8,349,000"
"Sep 11, 2017",126.74,126.94,126.05,126.19,126.19,"9,126,600"
"Sep 08, 2017",128.21,128.30,127.59,127.97,127.97,"9,020,000"
"Sep 07, 2017",127.56,128.32,127.39,128.13,128.13,"10,219,700"
"Sep 06, 2017",127.34,127.44,126.55,126.81,126.81,"10,059,300"
"Sep 05, 2017",126.65,127.78,126.57,127.46,127.46,"11,813,100"
"Sep 01, 2017",126.01,126.17,125.12,126.06,126.06,"11,567,400"
"Aug 31, 2017",124.58,125.84,124.55,125.82,125.82,"11,775,500"
"Aug 30, 2017",124.33,124.62,124.16,124.36,124.36,"6,328,400"
"Aug 29, 2017",125.81,125.87,124.05,124.42,124.42,"9,861,500"
"Aug 28, 2017",123.33,124.73,123.33,124.69,124.69,"11,578,300"
"Aug 25, 2017",122.77,123.02,121.29,122.74,122.74,"12,398,200"
"Aug 24, 2017",122.39,122.64,122.13,122.29,122.29,"4,193,400"
"Aug 23, 2017",122.58,122.69,122.31,122.67,122.67,"5,038,400"
"Aug 22, 2017",122.56,122.56,121.85,122.21,122.21,"6,493,900"
"Aug 21, 2017",122.54,122.98,122.50,122.76,122.76,"5,549,700"
"Aug 18, 2017",123.37,123.54,122.00,122.30,122.30,"13,654,200"
"Aug 17, 2017",122.29,122.61,121.76,122.49,122.49,"8,183,800"
"Aug 16, 2017",120.66,122.06,120.66,121.87,121.87,"8,267,300"
"Aug 15, 2017",120.60,121.23,120.58,120.98,120.98,"6,731,300"
"Aug 14, 2017",121.98,122.24,121.68,121.92,121.92,"6,035,300"
"Aug 11, 2017",122.24,122.83,122.03,122.79,122.79,"8,019,500"
"Aug 10, 2017",122.08,122.44,122.03,122.21,122.21,"9,817,900"
"Aug 09, 2017",121.02,121.55,120.76,121.31,121.31,"9,186,200"
"Aug 08, 2017",120.02,120.12,118.97,119.86,119.86,"7,227,200"
"Aug 07, 2017",119.43,119.79,119.43,119.51,119.51,"3,010,100"
"Aug 04, 2017",119.97,120.04,119.22,119.65,119.65,"8,644,800"
"Aug 03, 2017",120.31,120.83,120.31,120.59,120.59,"4,275,600"
"Aug 02, 2017",120.51,121.02,120.34,120.40,120.40,"5,945,300"
"Aug 01, 2017",120.44,121.14,120.44,120.65,120.65,"7,365,100"
"Jul 31, 2017",120.50,120.81,120.45,120.75,120.75,"3,944,600"
"Jul 28, 2017",120.15,120.86,120.14,120.69,120.69,"7,393,600"
"Jul 27, 2017",120.10,120.14,119.28,119.79,119.79,"6,385,200"
"Jul 26, 2017",118.57,120.15,118.55,119.88,119.88,"8,527,900"
"Jul 25, 2017",118.99,119.32,118.79,118.92,118.92,"6,203,000"
"Jul 24, 2017",119.52,119.58,119.18,119.31,119.31,"3,654,300"
"Jul 21, 2017",119.00,119.39,118.75,119.26,119.26,"10,135,900"
"Jul 20, 2017",117.92,118.62,117.66,118.24,118.24,"5,571,600"
"Jul 19, 2017",118.18,118.27,117.84,118.08,118.08,"3,205,100"
"Jul 18, 2017",117.99,118.33,117.88,118.11,118.11,"7,158,600"
"Jul 17, 2017",117.42,117.53,117.23,117.29,117.29,"5,170,800"
"Jul 14, 2017",117.04,117.25,116.64,116.77,116.77,"5,788,200"
"Jul 13, 2017",116.04,116.04,115.67,115.82,115.82,"4,148,900"
"Jul 12, 2017",116.21,116.33,115.87,116.03,116.03,"4,654,400"
"Jul 11, 2017",115.26,115.77,114.88,115.62,115.62,"6,637,900"
"Jul 10, 2017",115.02,115.57,114.83,115.47,115.47,"4,970,900"
"Jul 07, 2017",115.78,115.79,114.80,115.28,115.28,"11,153,600"
"Jul 06, 2017",116.58,116.61,116.24,116.47,116.47,"4,443,400"
"Jul 05, 2017",115.91,116.67,115.87,116.52,116.52,"7,223,300"
"Jul 03, 2017",116.54,116.85,115.94,116.09,116.09,"12,145,000"
"Jun 30, 2017",118.08,118.41,117.95,118.02,118.02,"7,272,600"
"Jun 29, 2017",117.97,118.64,117.91,118.32,118.32,"7,705,200"
"Jun 28, 2017",119.06,119.06,118.69,118.90,118.90,"4,220,100"
"Jun 27, 2017",118.87,119.05,118.48,118.81,118.81,"5,759,300"
"Jun 26, 2017",118.29,118.54,118.17,118.36,118.36,"6,593,400"
"Jun 23, 2017",119.65,119.66,119.31,119.43,119.43,"9,258,600"
"Jun 22, 2017",119.13,119.20,118.60,118.92,118.92,"5,811,900"
"Jun 21, 2017",118.15,118.66,118.15,118.52,118.52,"4,723,700"
"Jun 20, 2017",118.42,118.46,118.07,118.18,118.18,"4,617,400"
"Jun 19, 2017",118.74,118.84,118.33,118.43,118.43,"6,787,000"
"Jun 16, 2017",119.35,119.50,119.24,119.34,119.34,"6,435,700"
"Jun 15, 2017",119.22,119.50,119.13,119.32,119.32,"6,796,700"
"Jun 14, 2017",121.51,121.88,119.57,119.82,119.82,"21,124,800"
"Jun 13, 2017",119.95,120.71,119.92,120.48,120.48,"3,786,600"
"Jun 12, 2017",120.33,120.69,120.27,120.36,120.36,"4,927,400"
"Jun 09, 2017",120.46,120.91,120.40,120.54,120.54,"7,054,700"
"Jun 08, 2017",122.07,122.08,120.95,121.65,121.65,"8,169,800"
"Jun 07, 2017",122.79,123.16,122.02,122.45,122.45,"9,039,200"
"Jun 06, 2017",123.09,123.31,122.77,123.10,123.10,"10,798,500"
"Jun 05, 2017",121.91,121.94,121.58,121.73,121.73,"3,979,200"
"Jun 02, 2017",121.31,121.71,121.19,121.61,121.61,"7,268,100"
"Jun 01, 2017",120.17,120.74,120.06,120.72,120.72,"8,702,500"
"May 31, 2017",120.31,121.23,120.26,120.62,120.62,"10,360,700"
"May 30, 2017",120.24,120.33,119.95,120.14,120.14,"4,507,500"
"May 26, 2017",120.49,120.79,120.33,120.54,120.54,"6,791,600"
"May 25, 2017",119.52,119.70,119.29,119.48,119.48,"4,105,100"
"May 24, 2017",119.07,119.74,118.92,119.61,119.61,"7,025,000"
"May 23, 2017",120.13,120.19,118.98,119.14,119.14,"8,305,400"
"May 22, 2017",119.63,120.14,119.58,119.90,119.90,"5,132,500"
"May 19, 2017",119.39,119.55,118.88,119.40,119.40,"6,787,300"
"May 18, 2017",119.77,119.84,118.56,118.81,118.81,"10,341,100"
"May 17, 2017",119.36,120.02,119.27,119.79,119.79,"13,936,900"
"May 16, 2017",117.45,117.91,117.40,117.65,117.65,"4,942,800"
"May 15, 2017",117.52,117.54,116.99,117.14,117.14,"5,019,600"
"May 12, 2017",117.07,117.16,116.73,116.83,116.83,"5,434,500"
"May 11, 2017",116.21,116.85,116.19,116.50,116.50,"6,274,400"
"May 10, 2017",116.42,116.50,115.86,116.04,116.04,"4,290,500"
"May 09, 2017",116.18,116.24,115.56,116.05,116.05,"6,801,300"
"May 08, 2017",117.03,117.14,116.68,116.75,116.75,"5,438,400"
"May 05, 2017",116.86,117.07,116.68,117.01,117.01,"7,127,200"
"May 04, 2017",116.81,117.28,116.63,116.79,116.79,"12,406,900"
"May 03, 2017",119.18,119.34,117.92,117.98,117.98,"10,811,100"
"May 02, 2017",119.30,119.65,119.24,119.65,119.65,"4,900,800"
"May 01, 2017",120.21,120.75,119.35,119.67,119.67,"9,331,800"
"Apr 28, 2017",120.34,120.77,120.27,120.77,120.77,"9,134,200"
"Apr 27, 2017",120.42,120.60,119.97,120.39,120.39,"8,267,000"
"Apr 26, 2017",120.21,120.96,119.87,120.84,120.84,"9,758,800"
"Apr 25, 2017",120.53,120.87,120.05,120.25,120.25,"10,344,800"
"Apr 24, 2017",120.77,121.51,120.66,121.48,121.48,"11,053,600"
"Apr 21, 2017",122.14,122.61,121.73,122.31,122.31,"15,608,000"
"Apr 20, 2017",121.82,122.17,121.50,121.96,121.96,"11,787,300"
"Apr 19, 2017",122.25,122.26,121.28,121.73,121.73,"8,472,700"
"Apr 18, 2017",122.43,123.03,121.73,122.82,122.82,"10,903,700"
"Apr 17, 2017",122.55,123.07,121.99,122.24,122.24,"8,469,600"
"Apr 13, 2017",122.54,122.65,122.03,122.60,122.60,"9,892,600"
"Apr 12, 2017",121.38,122.22,121.14,122.02,122.02,"9,502,500"
"Apr 11, 2017",120.33,121.40,120.29,121.19,121.19,"12,455,300"
"Apr 10, 2017",119.04,119.69,118.85,119.46,119.46,"4,623,700"
"Apr 07, 2017",120.30,120.67,119.14,119.46,119.46,"12,351,100"
"Apr 06, 2017",119.22,119.42,118.98,119.18,119.18,"4,633,500"
"Apr 05, 2017",118.62,119.63,118.40,119.62,119.62,"8,106,000"
"Apr 04, 2017",119.59,119.77,119.38,119.62,119.62,"4,687,300"
"Apr 03, 2017",118.69,119.37,118.67,119.35,119.35,"6,105,700"
"Mar 31, 2017",118.61,119.08,118.46,118.72,118.72,"8,520,800"
"Mar 30, 2017",118.77,119.12,118.32,118.47,118.47,"6,894,600"
"Mar 29, 2017",119.22,119.45,119.05,119.33,119.33,"4,911,000"
"Mar 28, 2017",119.74,119.83,118.78,119.04,119.04,"7,112,800"
"Mar 27, 2017",119.93,120.08,119.27,119.53,119.53,"8,519,600"
"Mar 24, 2017",118.50,119.21,118.39,118.86,118.86,"6,879,600"
"Mar 23, 2017",119.15,119.25,118.32,118.67,118.67,"6,201,100"
"Mar 22, 2017",118.87,119.15,118.68,118.83,118.83,"7,287,400"
"Mar 21, 2017",117.77,118.80,117.76,118.54,118.54,"9,567,900"
"Mar 20, 2017",117.31,117.60,117.21,117.51,117.51,"4,000,200"
"Mar 17, 2017",117.04,117.27,116.91,116.99,116.99,"4,683,000"
"Mar 16, 2017",117.27,117.29,116.69,116.73,116.73,"9,322,000"
"Mar 15, 2017",114.29,116.25,114.02,116.25,116.25,"13,524,100"
"Mar 14, 2017",114.54,115.01,114.03,114.12,114.12,"5,301,800"
"Mar 13, 2017",114.63,114.91,114.51,114.74,114.74,"5,807,400"
"Mar 10, 2017",114.45,114.73,114.13,114.72,114.72,"7,929,500"
"Mar 09, 2017",114.78,115.03,114.41,114.47,114.47,"6,410,900"
"Mar 08, 2017",114.99,115.36,114.95,115.06,115.06,"7,620,900"
"Mar 07, 2017",116.13,116.25,115.62,115.78,115.78,"6,846,300"
"Mar 06, 2017",117.35,117.35,116.63,116.72,116.72,"4,883,500"
"Mar 03, 2017",116.95,117.73,116.44,117.51,117.51,"10,665,800"
"Mar 02, 2017",117.76,118.34,117.23,117.58,117.58,"10,986,300"
"Mar 01, 2017",117.98,119.12,117.95,119.06,119.06,"8,679,600"
"Feb 28, 2017",119.71,119.84,118.82,119.23,119.23,"8,727,800"
"Feb 27, 2017",119.73,120.40,119.12,119.12,119.12,"9,263,500"
"Feb 24, 2017",119.74,119.88,119.25,119.70,119.70,"9,809,000"
"Feb 23, 2017",118.76,119.16,118.68,118.94,118.94,"7,523,300"
"Feb 22, 2017",117.86,118.02,117.24,117.91,117.91,"6,057,200"
"Feb 21, 2017",117.04,118.00,116.77,117.75,117.75,"6,166,900"
"Feb 17, 2017",118.19,118.40,117.62,117.68,117.68,"7,338,100"
"Feb 16, 2017",117.93,118.35,117.83,118.08,118.08,"6,378,700"
"Feb 15, 2017",116.33,117.48,116.25,117.45,117.45,"7,088,400"
"Feb 14, 2017",117.51,117.56,116.38,116.93,116.93,"6,927,800"
"Feb 13, 2017",116.73,116.95,116.15,116.80,116.80,"7,354,900"
"Feb 10, 2017",116.68,117.86,116.67,117.60,117.60,"9,072,100"
"Feb 09, 2017",118.19,118.58,117.20,117.29,117.29,"8,177,200"
"Feb 08, 2017",118.09,118.59,117.81,118.19,118.19,"9,633,400"
"Feb 07, 2017",117.31,117.74,117.20,117.46,117.46,"8,621,000"
"Feb 06, 2017",117.07,117.74,116.74,117.70,117.70,"8,547,800"
"Feb 03, 2017",115.73,116.37,115.71,116.13,116.13,"9,455,500"
"Feb 02, 2017",116.26,116.57,115.63,115.84,115.84,"7,189,500"
"Feb 01, 2017",114.66,115.45,114.14,115.20,115.20,"6,932,900"
"Jan 31, 2017",115.27,115.82,115.18,115.55,115.55,"10,421,900"
"Jan 30, 2017",113.61,114.30,113.54,113.97,113.97,"7,687,800"
"Jan 27, 2017",112.93,113.55,112.81,113.49,113.49,"6,706,600"
"Jan 26, 2017",113.24,113.51,112.83,113.26,113.26,"5,390,500"
"Jan 25, 2017",114.14,114.44,113.68,114.32,114.32,"6,697,500"
"Jan 24, 2017",115.69,116.02,114.94,115.27,115.27,"5,798,800"
"Jan 23, 2017",115.51,116.17,115.20,115.79,115.79,"6,373,100"
"Jan 20, 2017",114.65,115.76,114.32,115.05,115.05,"12,261,500"
"Jan 19, 2017",114.32,114.96,113.94,114.77,114.77,"6,437,000"
"Jan 18, 2017",115.74,115.92,114.56,114.87,114.87,"6,498,100"
"Jan 17, 2017",115.89,115.96,115.50,115.85,115.85,"9,142,400"
"Jan 13, 2017",113.65,114.31,113.19,114.21,114.21,"7,261,500"
"Jan 12, 2017",114.52,114.93,113.81,113.91,113.91,"8,457,300"
"Jan 11, 2017",112.87,114.19,112.17,113.50,113.50,"9,918,700"
"Jan 10, 2017",112.94,113.45,112.64,113.15,113.15,"6,093,400"
"Jan 09, 2017",112.39,113.04,112.18,112.67,112.67,"5,674,600"
"Jan 06, 2017",111.81,112.38,111.57,111.75,111.75,"7,686,100"
"Jan 05, 2017",112.16,112.94,112.07,112.58,112.58,"9,606,800"
"Jan 04, 2017",111.06,111.22,110.61,110.86,110.86,"4,904,100"
"Jan 03, 2017",109.62,111.00,109.37,110.47,110.47,"7,527,400"
"Dec 30, 2016",110.38,110.62,109.53,109.61,109.61,"8,873,700"
"Dec 29, 2016",109.23,110.53,109.16,110.29,110.29,"7,563,900"
"Dec 28, 2016",108.40,108.91,108.29,108.86,108.86,"5,091,200"
"Dec 27, 2016",108.61,108.67,108.24,108.56,108.56,"3,685,500"
"Dec 23, 2016",107.84,108.25,107.80,107.93,107.93,"5,012,200"
"Dec 22, 2016",107.68,108.10,107.49,107.59,107.59,"4,942,800"
"Dec 21, 2016",108.25,108.31,107.68,107.85,107.85,"5,188,700"
"Dec 20, 2016",107.47,108.00,107.29,107.79,107.79,"7,321,100"
"Dec 19, 2016",108.60,108.88,108.34,108.59,108.59,"5,339,100"
"Dec 16, 2016",107.95,108.78,107.48,108.05,108.05,"10,602,800"
"Dec 15, 2016",107.85,107.99,107.00,107.34,107.34,"14,427,500"
"Dec 14, 2016",110.95,110.98,108.52,108.83,108.83,"12,933,600"
"Dec 13, 2016",110.57,110.79,110.06,110.45,110.45,"7,961,600"
"Dec 12, 2016",110.59,111.11,110.27,110.82,110.82,"6,156,700"
"Dec 09, 2016",111.18,111.25,110.19,110.40,110.40,"10,507,700"
"Dec 08, 2016",111.72,111.87,111.46,111.57,111.57,"5,977,800"
"Dec 07, 2016",112.13,112.50,111.77,111.83,111.83,"4,901,800"
"Dec 06, 2016",111.69,112.03,111.19,111.43,111.43,"5,533,700"
"Dec 05, 2016",111.15,112.11,110.31,111.54,111.54,"10,187,900"
"Dec 02, 2016",111.89,112.32,111.78,112.14,112.14,"7,416,500"
"Dec 01, 2016",111.11,111.99,110.63,111.54,111.54,"10,237,000"
"Nov 30, 2016",112.69,112.79,111.50,111.75,111.75,"10,925,500"
"Nov 29, 2016",112.76,113.48,112.69,113.27,113.27,"7,438,600"
"Nov 28, 2016",113.23,113.84,112.77,113.80,113.80,"5,655,400"
"Nov 25, 2016",113.42,113.51,112.35,112.61,112.61,"5,345,900"
"Nov 23, 2016",113.87,113.88,112.65,113.25,113.25,"20,982,100"
"Nov 22, 2016",115.72,115.79,114.98,115.54,115.54,"6,391,900"
"Nov 21, 2016",115.72,115.94,115.29,115.58,115.58,"6,654,200"
"Nov 18, 2016",115.52,115.77,114.96,115.15,115.15,"10,444,300"
"Nov 17, 2016",116.91,117.22,115.44,116.17,116.17,"10,342,300"
"Nov 16, 2016",117.27,117.27,116.58,116.77,116.77,"5,486,100"
"Nov 15, 2016",116.46,117.24,116.29,117.12,117.12,"9,348,600"
"Nov 14, 2016",116.12,117.14,115.49,116.11,116.11,"20,729,400"
"Nov 11, 2016",119.65,119.69,116.23,117.10,117.10,"20,381,800"
"Nov 10, 2016",121.52,121.54,119.38,119.75,119.75,"22,268,000"
"Nov 09, 2016",124.30,124.35,121.11,121.56,121.56,"18,236,500"
"Nov 08, 2016",122.12,123.09,121.36,121.64,121.64,"9,480,600"
"Nov 07, 2016",122.66,122.71,121.88,122.15,122.15,"10,015,000"
"Nov 04, 2016",124.40,124.54,124.04,124.39,124.39,"8,594,600"
"Nov 03, 2016",123.36,124.33,123.35,124.30,124.30,"10,093,100"
"Nov 02, 2016",123.76,124.76,123.56,123.64,123.64,"15,692,400"
"Nov 01, 2016",122.80,123.21,122.57,122.73,122.73,"13,384,300"
"Oct 31, 2016",121.51,122.00,121.23,121.94,121.94,"7,722,100"
"Oct 28, 2016",121.20,122.48,120.81,121.58,121.58,"11,639,900"
"Oct 27, 2016",121.11,121.18,120.75,121.01,121.01,"4,336,000"
"Oct 26, 2016",121.37,121.53,120.61,120.79,120.79,"3,905,900"
"Oct 25, 2016",120.89,121.76,120.86,121.47,121.47,"6,141,100"
"Oct 24, 2016",121.28,121.30,120.16,120.56,120.56,"5,481,100"
"Oct 21, 2016",120.90,120.93,120.55,120.83,120.83,"6,707,800"
"Oct 20, 2016",121.39,121.59,120.63,120.74,120.74,"6,496,700"
"Oct 19, 2016",121.13,121.46,120.89,121.11,121.11,"6,019,800"
"Oct 18, 2016",120.08,120.64,119.82,120.42,120.42,"4,919,700"
"Oct 17, 2016",119.70,119.92,119.58,119.68,119.68,"4,777,900"
"Oct 14, 2016",119.37,120.16,119.29,119.36,119.36,"6,577,300"
"Oct 13, 2016",120.00,120.42,119.80,120.03,120.03,"7,184,600"
"Oct 12, 2016",119.72,120.07,119.29,119.74,119.74,"4,848,600"
"Oct 11, 2016",119.92,120.16,119.53,119.55,119.55,"6,065,300"
"Oct 10, 2016",119.74,120.42,119.74,120.16,120.16,"4,514,400"
"Oct 07, 2016",120.49,120.58,118.42,119.74,119.74,"17,907,300"
"Oct 06, 2016",119.69,119.98,119.24,119.66,119.66,"17,917,700"
"Oct 05, 2016",121.33,121.59,120.40,120.78,120.78,"14,718,100"
"Oct 04, 2016",123.16,123.18,120.86,120.97,120.97,"24,372,700"
"Oct 03, 2016",125.32,125.46,124.90,125.32,125.32,"9,044,100"
"Sep 30, 2016",126.52,126.55,125.24,125.64,125.64,"11,204,300"
"Sep 29, 2016",125.84,126.34,125.54,126.07,126.07,"7,448,400"
"Sep 28, 2016",126.25,126.40,125.73,126.22,126.22,"6,757,700"
"Sep 27, 2016",126.86,126.90,126.34,126.62,126.62,"6,220,700"
"Sep 26, 2016",127.96,128.04,127.42,127.55,127.55,"5,842,700"
"Sep 23, 2016",127.60,127.86,127.43,127.65,127.65,"7,702,300"
"Sep 22, 2016",127.57,128.20,127.50,127.57,127.57,"15,188,000"
"Sep 21, 2016",126.33,127.42,125.96,127.27,127.27,"13,646,400"
"Sep 20, 2016",125.31,125.59,125.17,125.44,125.44,"5,672,000"
"Sep 19, 2016",125.61,125.62,125.25,125.32,125.32,"4,959,600"
"Sep 16, 2016",124.81,125.25,124.67,125.06,125.06,"18,995,100"
"Sep 15, 2016",125.73,126.10,124.91,125.37,125.37,"12,790,400"
"Sep 14, 2016",126.10,126.54,126.03,126.18,126.18,"5,820,700"
"Sep 13, 2016",126.47,126.60,125.53,125.75,125.75,"8,866,400"
"Sep 12, 2016",126.31,126.92,125.97,126.59,126.59,"11,140,300"
"Sep 09, 2016",127.24,127.51,126.70,126.75,126.75,"12,485,600"
"Sep 08, 2016",128.16,128.52,127.40,127.59,127.59,"10,561,800"
"Sep 07, 2016",128.79,128.86,128.12,128.27,128.27,"8,859,800"
"Sep 06, 2016",127.40,129.08,127.27,128.71,128.71,"15,115,300"
"Sep 02, 2016",126.29,126.57,125.58,126.57,126.57,"11,318,600"
"Sep 01, 2016",124.67,125.51,124.55,125.29,125.29,"12,877,700"
"Aug 31, 2016",124.73,125.11,124.64,124.78,124.78,"13,324,100"
"Aug 30, 2016",125.73,125.95,124.88,125.03,125.03,"9,877,000"
"Aug 29, 2016",126.00,126.48,125.93,126.30,126.30,"5,562,400"
"Aug 26, 2016",126.88,128.11,125.82,126.05,126.05,"17,967,700"
"Aug 25, 2016",125.98,126.31,125.96,126.23,126.23,"5,926,300"
"Aug 24, 2016",126.92,126.97,126.30,126.34,126.34,"13,539,700"
"Aug 23, 2016",128.14,128.22,127.61,127.76,127.76,"9,038,500"
"Aug 22, 2016",127.63,127.92,127.45,127.78,127.78,"8,627,200"
"Aug 19, 2016",128.08,128.67,127.86,127.97,127.97,"10,660,100"
"Aug 18, 2016",128.89,129.17,128.58,129.11,129.11,"9,500,600"
"Aug 17, 2016",128.17,128.99,127.46,128.50,128.50,"12,034,800"
"Aug 16, 2016",128.12,129.04,128.00,128.47,128.47,"8,678,100"
"Aug 15, 2016",127.62,128.25,127.60,127.84,127.84,"4,530,800"
"Aug 12, 2016",127.67,129.26,127.20,127.40,127.40,"15,395,800"
"Aug 11, 2016",128.61,129.19,127.48,127.67,127.67,"9,763,800"
"Aug 10, 2016",129.12,129.20,128.15,128.56,128.56,"6,196,200"
"Aug 09, 2016",127.94,128.14,127.75,127.96,127.96,"7,500,400"
"Aug 08, 2016",127.29,127.70,127.27,127.44,127.44,"6,773,800"
"Aug 05, 2016",128.46,128.55,127.39,127.55,127.55,"16,205,100"
"Aug 04, 2016",130.01,130.28,129.82,129.87,129.87,"4,908,100"
"Aug 03, 2016",129.95,129.96,129.27,129.65,129.65,"5,010,700"
"Aug 02, 2016",130.04,130.55,129.94,130.27,130.27,"7,652,800"
"Aug 01, 2016",128.57,129.34,128.56,129.22,129.22,"7,109,900"
"Jul 29, 2016",128.42,129.41,127.88,128.98,128.98,"13,708,200"
"Jul 28, 2016",128.09,128.20,127.21,127.66,127.66,"9,261,800"
"Jul 27, 2016",126.79,128.12,126.04,128.03,128.03,"17,066,400"
"Jul 26, 2016",126.09,126.14,125.75,126.00,126.00,"7,613,200"
"Jul 25, 2016",125.53,126.21,125.11,125.47,125.47,"13,139,400"
"Jul 22, 2016",126.43,126.52,126.01,126.35,126.35,"7,716,000"
"Jul 21, 2016",125.66,127.37,125.60,127.30,127.30,"9,399,200"
"Jul 20, 2016",125.50,126.12,125.31,125.39,125.39,"11,777,700"
"Jul 19, 2016",126.95,127.35,126.82,127.21,127.21,"5,170,700"
"Jul 18, 2016",127.02,127.50,126.63,127.04,127.04,"8,489,700"
"Jul 15, 2016",126.38,127.19,126.33,126.84,126.84,"13,892,100"
"Jul 14, 2016",126.31,127.37,126.03,127.33,127.33,"12,132,400"
"Jul 13, 2016",128.00,128.43,127.61,128.32,128.32,"7,377,700"
"Jul 12, 2016",128.52,128.54,126.99,127.15,127.15,"26,459,600"
"Jul 11, 2016",129.49,129.90,129.16,129.29,129.29,"10,855,600"
"Jul 08, 2016",129.85,130.52,128.97,130.52,130.52,"17,634,200"
"Jul 07, 2016",129.82,130.12,128.98,129.74,129.74,"16,508,500"
"Jul 06, 2016",130.50,131.15,129.82,130.23,130.23,"17,376,700"
"Jul 05, 2016",128.80,129.59,128.17,129.47,129.47,"19,026,200"
"Jul 01, 2016",127.66,128.42,127.44,128.41,128.41,"14,940,700"
"Jun 30, 2016",125.95,126.52,125.50,126.47,126.47,"15,981,600"
"Jun 29, 2016",125.91,126.81,125.70,125.84,125.84,"12,218,400"
"Jun 28, 2016",125.56,126.02,125.06,125.32,125.32,"16,001,500"
"Jun 27, 2016",126.44,127.05,125.83,126.68,126.68,"21,228,800"
"Jun 24, 2016",126.62,126.82,125.00,126.00,126.00,"35,782,900"
"Jun 23, 2016",120.49,121.03,120.06,120.11,120.11,"10,704,900"
"Jun 22, 2016",120.83,121.25,120.68,120.90,120.90,"7,861,000"
"Jun 21, 2016",121.65,121.86,120.77,120.84,120.84,"14,585,600"
"Jun 20, 2016",122.26,123.33,122.13,123.21,123.21,"11,866,200"
"Jun 17, 2016",123.26,124.10,122.69,123.95,123.95,"15,573,800"
"Jun 16, 2016",125.17,125.67,122.23,122.38,122.38,"26,635,000"
"Jun 15, 2016",122.52,123.87,122.38,123.68,123.68,"15,053,000"
"Jun 14, 2016",123.00,123.06,122.30,122.77,122.77,"11,651,700"
"Jun 13, 2016",122.80,122.83,122.03,122.64,122.64,"12,594,200"
"Jun 10, 2016",121.55,122.10,121.18,121.74,121.74,"13,940,000"
"Jun 09, 2016",120.61,121.48,120.55,121.25,121.25,"12,174,000"
"Jun 08, 2016",120.30,120.78,120.23,120.58,120.58,"11,661,700"
"Jun 07, 2016",118.50,119.02,118.41,118.82,118.82,"4,602,900"
"Jun 06, 2016",118.89,119.17,118.46,118.92,118.92,"9,887,900"
"Jun 03, 2016",118.25,118.89,118.23,118.88,118.88,"14,605,100"
"Jun 02, 2016",115.78,115.97,115.58,115.67,115.67,"4,591,600"
"Jun 01, 2016",115.97,116.14,115.20,115.94,115.94,"8,399,600"
"May 31, 2016",115.76,116.40,115.50,116.06,116.06,"8,187,600"
"May 27, 2016",116.27,116.36,115.29,115.62,115.62,"8,686,700"
"May 26, 2016",117.57,117.63,116.39,116.58,116.58,"5,893,500"
"May 25, 2016",116.59,117.06,116.32,116.98,116.98,"10,487,300"
"May 24, 2016",118.17,118.23,117.25,117.30,117.30,"12,772,000"
"May 23, 2016",118.86,119.60,118.75,119.37,119.37,"8,628,200"
"May 20, 2016",120.19,120.32,119.31,119.71,119.71,"10,379,400"
"May 19, 2016",119.00,119.98,118.92,119.87,119.87,"14,339,700"
"May 18, 2016",121.22,121.92,119.88,120.10,120.10,"13,381,700"
"May 17, 2016",121.58,122.52,121.48,122.22,122.22,"8,619,800"
"May 16, 2016",122.93,122.97,121.38,121.80,121.80,"7,103,000"
"May 13, 2016",121.09,121.86,120.66,121.71,121.71,"7,672,800"
"May 12, 2016",122.02,122.39,121.00,121.16,121.16,"7,447,100"
"May 11, 2016",121.85,122.16,121.38,122.12,122.12,"7,590,100"
"May 10, 2016",120.74,121.38,120.08,120.98,120.98,"9,845,000"
"May 09, 2016",121.20,121.29,120.59,120.65,120.65,"9,236,200"
"May 06, 2016",122.83,123.81,122.59,123.18,123.18,"11,366,800"
"May 05, 2016",122.63,122.73,121.25,122.07,122.07,"8,846,900"
"May 04, 2016",122.85,123.23,121.51,122.21,122.21,"9,398,200"
"May 03, 2016",123.73,123.82,122.51,122.96,122.96,"9,063,600"
"May 02, 2016",123.78,123.96,123.05,123.24,123.24,"12,137,500"
"Apr 29, 2016",122.43,123.93,122.34,123.65,123.65,"19,043,900"
"Apr 28, 2016",119.92,121.42,119.73,121.29,121.29,"15,133,600"
"Apr 27, 2016",118.97,119.70,118.43,119.04,119.04,"7,976,400"
"Apr 26, 2016",118.79,118.89,118.45,118.70,118.70,"9,906,800"
"Apr 25, 2016",118.14,118.71,118.11,118.23,118.23,"4,369,400"
"Apr 22, 2016",118.71,119.02,117.28,117.89,117.89,"10,047,000"
"Apr 21, 2016",120.42,120.55,119.13,119.42,119.42,"14,612,800"
"Apr 20, 2016",119.67,120.08,118.72,118.97,118.97,"10,233,200"
"Apr 19, 2016",119.87,120.09,119.37,119.58,119.58,"21,031,500"
"Apr 18, 2016",118.53,118.56,117.63,117.74,117.74,"5,809,800"
"Apr 15, 2016",117.33,118.12,117.19,117.92,117.92,"7,838,100"
"Apr 14, 2016",118.09,118.19,116.95,117.11,117.11,"13,165,800"
"Apr 13, 2016",119.37,119.43,118.56,118.77,118.77,"8,841,500"
"Apr 12, 2016",120.23,120.35,119.55,120.05,120.05,"9,689,500"
"Apr 11, 2016",119.47,120.30,119.42,120.03,120.03,"9,846,000"
"Apr 08, 2016",118.07,118.77,117.98,118.43,118.43,"9,078,900"
"Apr 07, 2016",118.65,118.85,115.00,118.61,118.61,"11,900,500"
"Apr 06, 2016",116.70,117.39,116.26,116.94,116.94,"7,549,400"
"Apr 05, 2016",117.76,117.93,117.15,117.66,117.66,"8,865,900"
"Apr 04, 2016",116.67,116.73,116.07,116.15,116.15,"7,643,700"
"Apr 01, 2016",116.08,116.98,115.55,116.93,116.93,"10,405,400"
"Mar 31, 2016",118.16,118.39,117.60,117.64,117.64,"9,348,200"
"Mar 30, 2016",117.88,118.20,116.91,117.10,117.10,"10,769,100"
"Mar 29, 2016",117.36,118.81,116.80,118.76,118.76,"14,472,400"
"Mar 28, 2016",116.73,116.91,116.27,116.60,116.60,"3,879,100"
"Mar 24, 2016",116.77,116.94,116.30,116.33,116.33,"6,280,900"
"Mar 23, 2016",116.74,117.12,116.16,116.61,116.61,"15,993,700"
"Mar 22, 2016",119.73,120.16,118.96,119.31,119.31,"6,786,800"
"Mar 21, 2016",119.00,119.33,118.73,118.96,118.96,"7,240,600"
"Mar 18, 2016",119.59,120.34,119.51,119.80,119.80,"16,965,900"
"Mar 17, 2016",121.16,121.18,120.03,120.13,120.13,"9,914,300"
"Mar 16, 2016",117.42,120.76,117.34,120.59,120.59,"17,334,000"
"Mar 15, 2016",117.78,118.04,117.36,117.96,117.96,"9,941,800"
"Mar 14, 2016",120.27,120.31,117.50,117.87,117.87,"14,236,200"
"Mar 11, 2016",121.19,121.39,119.36,119.41,119.41,"10,812,300"
"Mar 10, 2016",120.50,121.76,120.42,121.50,121.50,"18,104,900"
"Mar 09, 2016",119.20,120.39,118.84,119.58,119.58,"8,672,900"
"Mar 08, 2016",121.79,121.88,120.47,120.58,120.58,"11,531,000"
"Mar 07, 2016",121.18,121.58,120.41,121.14,121.14,"9,358,600"
"Mar 04, 2016",121.13,122.37,120.22,120.54,120.54,"16,261,100"
"Mar 03, 2016",118.86,121.30,118.81,120.73,120.73,"18,724,100"
"Mar 02, 2016",118.34,118.97,118.07,118.68,118.68,"8,903,000"
"Mar 01, 2016",118.74,119.11,117.34,117.77,117.77,"14,139,300"
"Feb 29, 2016",117.59,118.70,117.53,118.64,118.64,"11,517,500"
"Feb 26, 2016",117.43,117.72,115.86,117.11,117.11,"12,505,100"
"Feb 25, 2016",117.62,118.91,117.54,117.92,117.92,"12,500,300"
"Feb 24, 2016",119.00,119.86,117.35,117.61,117.61,"17,938,800"
"Feb 23, 2016",116.68,117.42,116.52,117.22,117.22,"9,033,400"
"Feb 22, 2016",115.44,116.19,115.41,115.49,115.49,"10,677,800"
"Feb 19, 2016",117.26,117.97,117.10,117.58,117.58,"15,192,000"
"Feb 18, 2016",115.30,118.60,115.29,118.29,118.29,"13,586,500"
"Feb 17, 2016",115.47,116.07,114.89,115.48,115.48,"10,582,400"
"Feb 16, 2016",116.00,116.31,114.74,114.77,114.77,"14,601,700"
"Feb 12, 2016",118.12,118.74,117.88,118.36,118.36,"16,981,200"
"Feb 11, 2016",118.59,120.84,117.77,119.06,119.06,"49,139,000"
"Feb 10, 2016",113.92,114.52,112.98,114.46,114.46,"13,311,100"
"Feb 09, 2016",114.43,114.69,113.55,113.58,113.58,"18,156,700"
"Feb 08, 2016",113.67,114.87,113.39,113.83,113.83,"28,341,200"
"Feb 05, 2016",109.79,112.35,109.58,112.32,112.32,"14,777,300"
"Feb 04, 2016",110.45,110.70,109.92,110.57,110.57,"13,213,700"
"Feb 03, 2016",107.91,109.58,107.90,109.25,109.25,"15,785,200"
"Feb 02, 2016",107.92,108.18,107.35,108.09,108.09,"6,656,000"
"Feb 01, 2016",107.54,108.15,107.53,108.05,108.05,"10,471,800"
"Jan 29, 2016",106.61,107.00,106.26,106.95,106.95,"8,098,700"
"Jan 28, 2016",106.55,106.86,106.48,106.54,106.54,"5,914,200"
"Jan 27, 2016",106.86,107.93,106.65,107.69,107.69,"8,273,400"
"Jan 26, 2016",106.32,107.43,106.26,107.29,107.29,"8,443,400"
"Jan 25, 2016",105.76,106.09,105.60,106.08,106.08,"6,819,400"
"Jan 22, 2016",104.93,105.51,104.76,105.00,105.00,"4,185,300"
"Jan 21, 2016",104.99,105.49,104.52,105.49,105.49,"5,425,000"
"Jan 20, 2016",105.17,106.16,104.94,105.37,105.37,"10,120,900"
"Jan 19, 2016",104.06,104.45,103.65,103.98,103.98,"4,588,400"
"Jan 15, 2016",104.92,104.96,103.97,104.08,104.08,"10,052,700"
"Jan 14, 2016",103.75,104.18,102.50,103.02,103.02,"9,989,100"
"Jan 13, 2016",103.89,104.82,103.78,104.72,104.72,"7,324,200"
"Jan 12, 2016",104.09,104.59,103.65,104.21,104.21,"5,540,200"
"Jan 11, 2016",105.47,105.57,104.71,104.74,104.74,"6,272,400"
"Jan 08, 2016",105.48,105.80,105.04,105.68,105.68,"7,678,200"
"Jan 07, 2016",105.83,106.24,105.19,106.15,106.15,"11,730,400"
"Jan 06, 2016",104.37,104.80,103.93,104.67,104.67,"9,316,600"
"Jan 05, 2016",103.13,103.46,102.93,103.18,103.18,"3,500,300"
"Jan 04, 2016",103.13,103.67,102.49,102.89,102.89,"6,440,000"
"Dec 31, 2015",101.48,101.72,101.31,101.46,101.46,"3,823,600"
"Dec 30, 2015",101.47,101.60,101.35,101.42,101.42,"3,745,000"
"Dec 29, 2015",102.52,102.58,102.11,102.20,102.20,"2,832,200"
"Dec 28, 2015",102.48,102.60,102.03,102.27,102.27,"3,356,200"
"Dec 24, 2015",102.82,103.05,102.77,103.05,103.05,"1,710,200"
"Dec 23, 2015",102.40,102.59,102.21,102.31,102.31,"2,821,400"
"Dec 22, 2015",103.09,103.20,102.56,102.61,102.61,"4,123,500"
"Dec 21, 2015",102.95,103.52,102.83,103.15,103.15,"6,378,900"
"Dec 18, 2015",101.35,102.53,101.30,102.04,102.04,"8,345,900"
"Dec 17, 2015",100.92,100.99,100.23,100.50,100.50,"10,156,200"
"Dec 16, 2015",102.59,103.20,101.66,102.75,102.75,"8,292,200"
"Dec 15, 2015",101.71,102.06,101.41,101.52,101.52,"6,831,100"
"Dec 14, 2015",102.58,102.72,101.74,101.79,101.79,"5,563,800"
"Dec 11, 2015",101.91,103.32,101.85,103.11,103.11,"6,798,400"
"Dec 10, 2015",102.51,102.83,102.34,102.55,102.55,"3,853,500"
"Dec 09, 2015",103.63,103.66,102.32,102.64,102.64,"6,026,300"
"Dec 08, 2015",103.13,103.26,102.53,102.84,102.84,"3,412,300"
"Dec 07, 2015",103.32,103.37,102.50,102.67,102.67,"4,393,500"
"Dec 04, 2015",102.74,104.21,102.65,104.02,104.02,"10,670,200"
"Dec 03, 2015",101.23,101.97,100.85,101.76,101.76,"6,499,900"
"Dec 02, 2015",101.35,101.35,100.53,100.69,100.69,"10,223,500"
"Dec 01, 2015",102.30,102.43,101.81,102.28,102.28,"4,645,900"
"Nov 30, 2015",101.53,102.38,101.52,101.92,101.92,"6,773,000"
"Nov 27, 2015",101.01,101.62,100.99,101.25,101.25,"4,993,600"
"Nov 25, 2015",102.47,102.69,102.21,102.46,102.46,"2,931,300"
"Nov 24, 2015",103.12,103.25,102.69,102.94,102.94,"3,479,600"
"Nov 23, 2015",102.48,102.75,102.16,102.26,102.26,"4,042,500"
"Nov 20, 2015",103.58,103.66,102.97,103.09,103.09,"5,971,600"
"Nov 19, 2015",103.07,104.09,103.07,103.56,103.56,"5,087,600"
"Nov 18, 2015",102.39,102.95,102.04,102.43,102.43,"5,043,800"
"Nov 17, 2015",103.38,103.40,101.98,102.34,102.34,"8,593,100"
"Nov 16, 2015",103.98,104.03,103.52,103.71,103.71,"2,951,200"
"Nov 13, 2015",103.54,103.74,103.45,103.56,103.56,"3,224,200"
"Nov 12, 2015",103.09,104.32,103.04,103.85,103.85,"6,300,500"
"Nov 11, 2015",104.09,104.23,103.78,103.83,103.83,"3,527,600"
"Nov 10, 2015",104.09,104.65,103.87,104.18,104.18,"4,450,800"
"Nov 09, 2015",104.29,104.58,104.19,104.40,104.40,"4,129,200"
"Nov 06, 2015",104.17,104.42,104.02,104.10,104.10,"8,831,900"
"Nov 05, 2015",106.01,106.10,105.58,105.64,105.64,"5,931,100"
"Nov 04, 2015",107.02,107.09,105.92,105.97,105.97,"7,617,800"
"Nov 03, 2015",107.79,107.81,106.68,106.98,106.98,"7,145,300"
"Nov 02, 2015",108.64,108.84,108.46,108.59,108.59,"5,843,300"
"Oct 30, 2015",109.50,109.58,109.06,109.30,109.30,"5,543,200"
"Oct 29, 2015",110.23,110.60,109.66,109.72,109.72,"5,150,800"
"Oct 28, 2015",112.68,113.25,110.31,110.78,110.78,"8,201,200"
"Oct 27, 2015",111.31,111.81,111.29,111.68,111.68,"2,646,100"
"Oct 26, 2015",111.73,111.98,111.33,111.43,111.43,"2,573,500"
"Oct 23, 2015",111.81,111.84,110.96,111.50,111.50,"4,868,400"
"Oct 22, 2015",111.52,112.21,111.43,111.69,111.69,"3,436,400"
"Oct 21, 2015",112.37,112.37,111.41,111.73,111.73,"3,908,800"
"Oct 20, 2015",112.38,113.09,112.38,112.73,112.73,"4,903,200"
"Oct 19, 2015",112.64,112.69,111.89,112.02,112.02,"3,959,400"
"Oct 16, 2015",113.24,113.44,112.43,112.49,112.49,"7,328,000"
"Oct 15, 2015",113.20,113.99,112.94,113.29,113.29,"14,083,900"
"Oct 14, 2015",112.63,113.95,112.30,113.81,113.81,"10,207,800"
"Oct 13, 2015",111.36,111.87,111.28,111.86,111.86,"5,149,600"
"Oct 12, 2015",111.67,111.73,111.01,111.31,111.31,"6,257,900"
"Oct 09, 2015",110.54,111.05,110.23,110.87,110.87,"7,907,300"
"Oct 08, 2015",109.16,110.27,109.06,109.14,109.14,"5,038,200"
"Oct 07, 2015",109.75,110.14,109.34,109.70,109.70,"5,355,500"
"Oct 06, 2015",109.80,110.26,109.63,109.86,109.86,"7,513,900"
"Oct 05, 2015",109.14,109.38,108.46,108.77,108.77,"5,490,200"
"Oct 02, 2015",108.54,109.32,108.54,108.99,108.99,"7,730,600"
"Oct 01, 2015",106.98,107.21,106.63,106.73,106.73,"4,278,600"
"Sep 30, 2015",106.78,107.08,106.47,106.86,106.86,"7,405,600"
"Sep 29, 2015",108.24,108.69,107.88,107.98,107.98,"4,043,600"
"Sep 28, 2015",108.37,108.91,108.27,108.42,108.42,"3,809,600"
"Sep 25, 2015",109.87,110.03,109.55,109.81,109.81,"5,209,500"
"Sep 24, 2015",109.67,110.82,109.63,110.49,110.49,"11,024,300"
"Sep 23, 2015",108.54,108.64,108.20,108.22,108.22,"2,744,200"
"Sep 22, 2015",107.58,107.96,107.44,107.79,107.79,"5,483,300"
"Sep 21, 2015",108.49,108.66,108.33,108.53,108.53,"4,104,800"
"Sep 18, 2015",109.10,109.38,108.82,109.21,109.21,"6,794,300"
"Sep 17, 2015",107.07,108.58,106.96,108.41,108.41,"8,403,800"
"Sep 16, 2015",106.60,107.71,106.56,107.31,107.31,"5,315,600"
"Sep 15, 2015",105.83,106.06,105.68,105.90,105.90,"2,905,000"
"Sep 14, 2015",105.86,106.39,105.78,106.22,106.22,"2,350,800"
"Sep 11, 2015",105.65,106.20,105.27,106.16,106.16,"4,023,900"
"Sep 10, 2015",106.61,106.70,106.18,106.38,106.38,"6,204,000"
"Sep 09, 2015",106.64,106.71,105.48,106.13,106.13,"8,855,100"
"Sep 08, 2015",107.60,107.94,107.31,107.52,107.52,"5,982,100"
"Sep 04, 2015",107.14,107.56,107.07,107.49,107.49,"4,025,000"
"Sep 03, 2015",107.77,108.32,107.56,107.84,107.84,"3,913,100"
"Sep 02, 2015",109.01,109.34,108.46,108.62,108.62,"4,115,700"
"Sep 01, 2015",109.63,109.77,108.94,109.20,109.20,"7,077,800"
"Aug 31, 2015",108.19,108.92,108.03,108.82,108.82,"4,532,100"
"Aug 28, 2015",108.17,109.30,108.12,108.70,108.70,"7,558,900"
"Aug 27, 2015",107.33,108.04,107.11,107.73,107.73,"8,102,100"
"Aug 26, 2015",107.72,108.06,107.08,107.67,107.67,"10,856,600"
"Aug 25, 2015",110.01,110.05,108.72,109.16,109.16,"9,974,200"
"Aug 24, 2015",111.54,112.12,109.77,110.53,110.53,"18,388,700"
"Aug 21, 2015",110.93,111.33,110.12,111.13,111.13,"13,917,600"
"Aug 20, 2015",109.81,110.61,109.70,110.44,110.44,"12,549,000"
"Aug 19, 2015",107.63,108.67,107.63,108.55,108.55,"7,035,100"
"Aug 18, 2015",106.67,107.33,106.31,107.11,107.11,"4,121,800"
"Aug 17, 2015",107.37,107.51,107.00,107.13,107.13,"5,769,100"
"Aug 14, 2015",107.07,107.41,106.54,106.85,106.85,"3,509,200"
"Aug 13, 2015",106.95,107.18,106.71,106.86,106.86,"4,761,700"
"Aug 12, 2015",106.99,107.91,106.93,107.75,107.75,"10,022,500"
"Aug 11, 2015",106.49,106.63,105.77,106.26,106.26,"4,060,900"
"Aug 10, 2015",105.03,106.27,104.92,105.72,105.72,"5,892,600"
"Aug 07, 2015",104.56,105.38,104.55,104.65,104.65,"4,400,900"
"Aug 06, 2015",104.15,104.86,104.14,104.39,104.39,"3,908,100"
"Aug 05, 2015",104.42,104.50,103.78,103.93,103.93,"5,041,000"
"Aug 04, 2015",104.56,104.75,103.95,104.31,104.31,"3,241,000"
"Aug 03, 2015",104.59,104.82,104.05,104.10,104.10,"3,528,600"
"Jul 31, 2015",105.41,105.75,104.69,104.93,104.93,"6,689,200"
"Jul 30, 2015",104.03,104.97,103.86,104.27,104.27,"6,652,000"
"Jul 29, 2015",104.93,105.63,104.49,105.17,105.17,"5,616,900"
"Jul 28, 2015",105.09,105.33,104.83,105.02,105.02,"5,549,200"
"Jul 27, 2015",104.94,105.68,104.66,104.86,104.86,"10,690,100"
"Jul 24, 2015",103.61,105.59,103.43,105.35,105.35,"11,572,700"
"Jul 23, 2015",104.98,105.30,104.20,104.33,104.33,"5,779,300"
"Jul 22, 2015",104.39,105.09,104.18,104.80,104.80,"8,349,200"
"Jul 21, 2015",105.81,106.32,105.25,105.37,105.37,"10,519,800"
"Jul 20, 2015",106.60,106.65,105.62,105.70,105.70,"15,751,700"
"Jul 17, 2015",109.11,109.16,108.40,108.65,108.65,"14,858,300"
"Jul 16, 2015",109.67,110.01,109.60,109.76,109.76,"4,629,700"
"Jul 15, 2015",110.00,110.19,109.58,110.16,110.16,"9,286,200"
"Jul 14, 2015",111.00,111.08,110.63,110.74,110.74,"2,601,000"
"Jul 13, 2015",110.43,111.14,110.36,110.99,110.99,"4,279,300"
"Jul 10, 2015",111.18,111.71,111.03,111.49,111.49,"3,594,900"
"Jul 09, 2015",111.80,111.93,111.15,111.36,111.36,"3,802,900"
"Jul 08, 2015",111.38,111.65,111.08,111.09,111.09,"5,694,900"
"Jul 07, 2015",111.08,111.14,110.05,110.76,110.76,"9,073,400"
"Jul 06, 2015",111.71,112.58,111.63,112.06,112.06,"4,259,800"
"Jul 02, 2015",111.66,111.84,111.41,111.76,111.76,"3,838,600"
"Jul 01, 2015",112.12,112.51,111.94,111.98,111.98,"4,409,000"
"Jun 30, 2015",112.24,113.05,111.84,112.37,112.37,"7,897,000"
"Jun 29, 2015",112.81,113.23,112.53,113.07,113.07,"5,820,200"
"Jun 26, 2015",112.20,112.68,112.13,112.56,112.56,"4,392,600"
"Jun 25, 2015",112.43,112.71,112.32,112.44,112.44,"2,904,700"
"Jun 24, 2015",112.48,112.74,112.31,112.59,112.59,"2,975,500"
"Jun 23, 2015",112.96,113.17,112.79,112.89,112.89,"4,522,800"
"Jun 22, 2015",113.79,113.94,113.34,113.64,113.64,"5,763,700"
"Jun 19, 2015",115.34,115.46,114.95,115.12,115.12,"4,611,600"
"Jun 18, 2015",115.19,115.61,114.89,115.32,115.32,"8,041,300"
"Jun 17, 2015",113.07,114.04,112.63,113.85,113.85,"6,456,000"
"Jun 16, 2015",113.08,113.45,112.79,113.32,113.32,"4,033,300"
"Jun 15, 2015",113.28,114.15,113.21,113.73,113.73,"5,055,100"
"Jun 12, 2015",113.06,113.50,112.96,113.23,113.23,"2,998,500"
"Jun 11, 2015",113.27,113.41,112.92,113.26,113.26,"4,434,700"
"Jun 10, 2015",114.14,114.14,113.69,113.78,113.78,"5,452,900"
"Jun 09, 2015",113.15,113.23,112.71,112.82,112.82,"3,529,900"
"Jun 08, 2015",112.39,112.66,112.13,112.57,112.57,"3,122,100"
"Jun 05, 2015",111.60,112.39,111.57,112.24,112.24,"5,561,300"
"Jun 04, 2015",112.98,113.15,112.48,112.84,112.84,"5,566,600"
"Jun 03, 2015",114.13,114.37,113.08,113.64,113.64,"4,885,200"
"Jun 02, 2015",114.36,114.65,114.17,114.46,114.46,"3,988,600"
"Jun 01, 2015",115.02,115.50,113.90,114.00,114.00,"8,254,000"
"May 29, 2015",114.14,114.48,114.00,114.10,114.10,"3,407,500"
"May 28, 2015",113.85,114.16,113.21,114.02,114.02,"5,266,000"
"May 27, 2015",113.78,114.01,113.63,113.89,113.89,"2,681,100"
"May 26, 2015",113.84,114.23,113.70,113.91,113.91,"5,769,600"
"May 22, 2015",115.51,115.93,115.32,115.60,115.60,"1,780,200"
"May 21, 2015",115.53,116.00,115.47,115.69,115.69,"2,514,700"
"May 20, 2015",116.03,116.38,115.76,116.08,116.08,"4,432,600"
"May 19, 2015",116.55,116.73,115.65,115.89,115.89,"5,052,100"
"May 18, 2015",117.78,117.88,117.27,117.52,117.52,"5,079,900"
"May 15, 2015",116.80,117.63,116.68,117.53,117.53,"4,447,300"
"May 14, 2015",117.28,117.75,117.03,117.18,117.18,"6,923,000"
"May 13, 2015",115.74,116.93,115.68,116.55,116.55,"11,768,200"
"May 12, 2015",114.10,114.67,114.06,114.50,114.50,"3,256,700"
"May 11, 2015",114.09,114.31,113.08,113.53,113.53,"2,916,700"
"May 08, 2015",114.34,114.43,113.59,113.97,113.97,"9,964,100"
"May 07, 2015",113.84,114.01,113.32,113.42,113.42,"5,455,100"
"May 06, 2015",114.59,114.75,114.02,114.36,114.36,"3,280,700"
"May 05, 2015",114.89,115.11,114.39,114.42,114.42,"3,856,500"
"May 04, 2015",114.18,114.44,113.88,114.10,114.10,"3,648,100"
"May 01, 2015",112.42,113.31,112.28,113.08,113.08,"7,597,000"
"Apr 30, 2015",113.88,113.88,112.96,113.47,113.47,"9,440,300"
"Apr 29, 2015",116.06,116.39,115.28,115.51,115.51,"7,170,500"
"Apr 28, 2015",115.36,116.62,115.34,116.33,116.33,"8,054,400"
"Apr 27, 2015",113.87,115.82,113.67,115.33,115.33,"7,487,600"
"Apr 24, 2015",113.96,114.07,112.77,113.05,113.05,"7,152,900"
"Apr 23, 2015",113.90,114.96,113.81,114.66,114.66,"3,459,500"
"Apr 22, 2015",114.83,114.96,113.77,113.83,113.83,"5,696,000"
"Apr 21, 2015",114.72,115.56,114.65,115.38,115.38,"3,317,700"
"Apr 20, 2015",114.82,114.95,114.32,114.72,114.72,"3,932,800"
"Apr 17, 2015",115.38,115.79,115.23,115.60,115.60,"3,496,300"
"Apr 16, 2015",115.55,115.66,114.64,115.03,115.03,"3,132,300"
"Apr 15, 2015",114.80,115.60,114.47,115.43,115.43,"3,656,000"
"Apr 14, 2015",114.69,115.07,114.39,114.44,114.44,"3,651,500"
"Apr 13, 2015",115.35,115.39,114.80,115.14,115.14,"3,190,100"
"Apr 10, 2015",116.00,116.19,115.50,115.97,115.97,"3,932,400"
"Apr 09, 2015",114.80,114.85,114.48,114.67,114.67,"4,707,000"
"Apr 08, 2015",115.98,116.03,114.90,115.47,115.47,"5,568,500"
"Apr 07, 2015",116.27,116.51,115.94,116.11,116.11,"2,468,500"
"Apr 06, 2015",117.32,117.47,116.52,116.69,116.69,"5,914,200"
"Apr 02, 2015",115.47,115.72,114.68,115.28,115.28,"3,884,100"
"Apr 01, 2015",114.56,115.99,114.54,115.60,115.60,"7,324,000"
"Mar 31, 2015",113.84,114.28,113.41,113.66,113.66,"4,383,300"
"Mar 30, 2015",113.90,114.01,113.54,113.75,113.75,"4,383,900"
"Mar 27, 2015",115.14,115.36,114.45,115.06,115.06,"4,921,700"
"Mar 26, 2015",115.73,115.84,115.34,115.48,115.48,"5,495,200"
"Mar 25, 2015",115.11,115.14,114.65,114.73,114.73,"3,021,400"
"Mar 24, 2015",114.35,114.65,113.82,114.57,114.57,"2,979,300"
"Mar 23, 2015",113.70,114.37,113.49,114.29,114.29,"4,240,300"
"Mar 20, 2015",112.71,114.00,112.67,113.57,113.57,"8,033,400"
"Mar 19, 2015",111.85,112.58,111.58,112.29,112.29,"6,537,700"
"Mar 18, 2015",110.33,112.87,110.09,112.37,112.37,"12,448,000"
"Mar 17, 2015",109.92,111.35,109.77,110.21,110.21,"8,923,300"
"Mar 16, 2015",111.09,111.21,110.42,110.81,110.81,"3,265,300"
"Mar 13, 2015",111.10,111.28,110.51,110.88,110.88,"4,557,600"
"Mar 12, 2015",111.15,111.20,110.25,110.72,110.72,"6,631,500"
"Mar 11, 2015",111.23,111.25,110.16,110.75,110.75,"6,550,400"
"Mar 10, 2015",112.09,112.35,111.22,111.42,111.42,"7,019,800"
"Mar 09, 2015",112.42,112.62,111.95,111.97,111.97,"5,534,000"
"Mar 06, 2015",113.17,113.26,111.70,111.86,111.86,"11,190,800"
"Mar 05, 2015",115.43,116.12,114.84,115.00,115.00,"5,872,200"
"Mar 04, 2015",115.70,115.79,115.02,115.11,115.11,"4,762,400"
"Mar 03, 2015",116.04,116.61,115.35,115.47,115.47,"4,738,300"
"Mar 02, 2015",116.50,116.64,115.62,115.68,115.68,"7,993,300"
"Feb 27, 2015",116.74,117.07,116.16,116.16,116.16,"8,255,600"
"Feb 26, 2015",116.54,116.55,115.83,116.07,116.07,"4,025,400"
"Feb 25, 2015",115.83,115.89,115.33,115.70,115.70,"5,032,500"
"Feb 24, 2015",115.00,115.55,114.29,115.26,115.26,"7,612,900"
"Feb 23, 2015",115.11,116.22,115.07,115.43,115.43,"4,812,400"
"Feb 20, 2015",116.10,116.46,115.05,115.28,115.28,"6,681,700"
"Feb 19, 2015",116.40,116.54,115.74,115.94,115.94,"6,528,700"
"Feb 18, 2015",115.99,116.53,114.99,116.34,116.34,"8,336,000"
"Feb 17, 2015",116.40,116.54,115.58,116.01,116.01,"7,225,200"
"Feb 13, 2015",118.05,118.58,117.79,117.98,117.98,"4,108,900"
"Feb 12, 2015",117.68,117.82,117.09,117.34,117.34,"4,344,400"
"Feb 11, 2015",118.49,118.57,117.00,117.07,117.07,"6,784,400"
"Feb 10, 2015",118.63,119.06,118.21,118.47,118.47,"4,086,300"
"Feb 09, 2015",118.83,119.40,118.77,119.17,119.17,"5,237,200"
"Feb 06, 2015",119.15,119.52,117.95,118.64,118.64,"13,206,900"
"Feb 05, 2015",120.98,121.83,120.61,121.79,121.79,"6,879,900"
"Feb 04, 2015",121.63,122.22,120.92,121.58,121.58,"5,386,700"
"Feb 03, 2015",121.74,121.76,120.56,121.05,121.05,"8,255,900"
"Feb 02, 2015",121.84,123.16,121.82,122.42,122.42,"8,885,200"
"Jan 30, 2015",121.30,123.55,120.92,123.45,123.45,"14,555,900"
"Jan 29, 2015",121.99,122.29,120.26,120.76,120.76,"11,998,000"
"Jan 28, 2015",123.52,123.89,122.94,123.42,123.42,"8,470,600"
"Jan 27, 2015",123.56,124.64,123.51,124.40,124.40,"9,584,800"
"Jan 26, 2015",123.33,123.34,122.52,122.99,122.99,"6,768,600"
"Jan 23, 2015",124.43,124.50,123.35,124.23,124.23,"6,270,900"
"Jan 22, 2015",125.07,125.58,124.15,125.23,125.23,"10,518,400"
"Jan 21, 2015",125.18,125.34,123.37,124.23,124.23,"11,082,700"
"Jan 20, 2015",123.63,124.60,123.49,124.20,124.20,"14,968,600"
"Jan 16, 2015",121.73,123.15,121.71,122.52,122.52,"14,428,200"
"Jan 15, 2015",120.41,121.70,120.34,120.94,120.94,"17,692,500"
"Jan 14, 2015",119.08,119.32,117.90,117.97,117.97,"7,727,400"
"Jan 13, 2015",118.96,119.19,117.87,118.16,118.16,"7,693,200"
"Jan 12, 2015",117.46,118.71,117.32,118.56,118.56,"8,318,200"
"Jan 09, 2015",116.51,117.34,116.50,117.26,117.26,"7,962,900"
"Jan 08, 2015",116.45,116.87,115.85,115.94,115.94,"7,033,700"
"Jan 07, 2015",116.47,116.88,116.17,116.43,116.43,"6,434,200"
"Jan 06, 2015",116.22,117.50,115.80,117.12,117.12,"11,238,300"
"Jan 05, 2015",114.78,116.00,114.73,115.80,115.80,"8,177,400"
"Jan 02, 2015",112.49,114.80,112.32,114.08,114.08,"7,109,600"
"Dec 31, 2014",114.89,115.00,113.28,113.58,113.58,"7,624,200"
"Dec 30, 2014",114.99,116.26,114.90,115.20,115.20,"7,987,300"
"Dec 29, 2014",114.61,114.64,113.23,113.67,113.67,"12,963,700"
"Dec 26, 2014",114.82,114.98,114.53,114.83,114.83,"3,765,600"
"Dec 24, 2014",112.83,112.92,112.66,112.77,112.77,"1,501,600"
"Dec 23, 2014",112.88,113.32,112.61,112.74,112.74,"7,763,300"
"Dec 22, 2014",114.81,114.97,112.41,112.55,112.55,"7,483,200"
"Dec 19, 2014",115.06,115.22,114.77,114.77,114.77,"4,652,300"
"Dec 18, 2014",115.59,115.81,114.58,115.15,115.15,"5,258,100"
"Dec 17, 2014",115.10,115.48,113.58,114.27,114.27,"9,097,300"
"Dec 16, 2014",116.28,116.50,114.07,114.95,114.95,"9,174,000"
"Dec 15, 2014",116.22,116.97,114.36,114.39,114.39,"8,796,000"
"Dec 12, 2014",117.39,117.80,116.68,117.41,117.41,"4,736,500"
"Dec 11, 2014",116.98,118.38,116.82,117.69,117.69,"5,214,500"
"Dec 10, 2014",118.15,118.47,117.81,117.96,117.96,"4,277,400"
"Dec 09, 2014",117.04,118.99,116.98,118.19,118.19,"10,467,200"
"Dec 08, 2014",114.97,116.16,114.46,115.78,115.78,"5,224,500"
"Dec 05, 2014",115.16,115.18,114.24,114.43,114.43,"6,331,000"
"Dec 04, 2014",116.01,116.34,115.61,115.88,115.88,"3,623,600"
"Dec 03, 2014",115.68,116.76,115.56,116.33,116.33,"5,758,800"
"Dec 02, 2014",115.13,115.71,114.72,115.14,115.14,"6,378,100"
"Dec 01, 2014",113.80,117.36,113.74,116.58,116.58,"15,644,000"
"Nov 28, 2014",113.53,113.83,111.95,112.11,112.11,"9,616,300"
"Nov 26, 2014",115.25,115.34,114.98,115.16,115.16,"3,184,000"
"Nov 25, 2014",115.10,115.47,114.90,115.38,115.38,"9,051,800"
"Nov 24, 2014",115.15,115.37,114.79,115.11,115.11,"4,695,000"
"Nov 21, 2014",115.58,115.96,114.47,115.39,115.39,"6,564,300"
"Nov 20, 2014",114.57,115.02,114.09,114.86,114.86,"5,607,800"
"Nov 19, 2014",114.93,115.35,112.88,113.68,113.68,"11,997,700"
"Nov 18, 2014",114.86,115.17,114.55,115.05,115.05,"5,586,700"
"Nov 17, 2014",113.97,114.27,113.56,114.05,114.05,"5,441,000"
"Nov 14, 2014",110.76,114.72,110.65,114.47,114.47,"14,173,600"
"Nov 13, 2014",111.89,112.26,111.22,111.67,111.67,"4,874,600"
"Nov 12, 2014",112.05,112.17,111.23,111.50,111.50,"5,133,300"
"Nov 11, 2014",111.08,112.76,110.87,112.04,112.04,"8,603,200"
"Nov 10, 2014",112.24,112.24,110.28,110.46,110.46,"8,548,500"
"Nov 07, 2014",110.78,113.15,110.73,112.97,112.97,"10,916,500"
"Nov 06, 2014",109.92,110.49,109.75,109.88,109.88,"7,019,900"
"Nov 05, 2014",109.92,110.84,109.67,109.79,109.79,"13,560,100"
"Nov 04, 2014",112.12,112.71,112.08,112.22,112.22,"6,430,100"
"Nov 03, 2014",112.39,112.68,112.00,112.15,112.15,"6,589,800"
"Oct 31, 2014",111.83,112.88,111.66,112.66,112.66,"18,208,200"
"Oct 30, 2014",115.80,115.83,114.94,115.19,115.19,"7,852,200"
"Oct 29, 2014",117.65,117.91,116.14,116.41,116.41,"7,900,800"
"Oct 28, 2014",118.48,118.48,118.01,118.10,118.10,"3,260,100"
"Oct 27, 2014",118.18,118.37,118.01,118.06,118.06,"2,443,600"
"Oct 24, 2014",118.62,118.63,118.12,118.35,118.35,"3,610,600"
"Oct 23, 2014",118.71,118.82,117.88,118.52,118.52,"6,417,500"
"Oct 22, 2014",119.69,119.79,119.25,119.34,119.34,"3,740,200"
"Oct 21, 2014",120.27,120.50,119.91,120.02,120.02,"4,566,100"
"Oct 20, 2014",119.68,119.86,119.54,119.80,119.80,"3,033,700"
"Oct 17, 2014",119.06,119.23,118.42,118.99,118.99,"8,059,000"
"Oct 16, 2014",119.02,119.65,118.88,119.22,119.22,"6,545,400"
"Oct 15, 2014",119.23,120.18,118.59,118.99,118.99,"9,453,800"
"Oct 14, 2014",118.58,118.82,118.35,118.59,118.59,"5,174,800"
"Oct 13, 2014",118.14,118.67,117.93,118.52,118.52,"5,396,300"
"Oct 10, 2014",117.70,117.74,117.19,117.59,117.59,"4,651,400"
"Oct 09, 2014",117.86,118.26,117.49,117.64,117.64,"6,610,500"
"Oct 08, 2014",117.03,117.71,115.85,117.47,117.47,"10,670,900"
"Oct 07, 2014",116.31,116.63,116.09,116.36,116.36,"5,274,700"
"Oct 06, 2014",115.16,116.31,114.94,116.03,116.03,"7,644,100"
"Oct 03, 2014",115.17,115.51,114.42,114.61,114.61,"11,301,300"
"Oct 02, 2014",116.86,117.21,116.33,116.74,116.74,"6,349,900"
"Oct 01, 2014",116.61,117.26,116.59,116.77,116.77,"7,018,800"
"Sep 30, 2014",116.54,117.35,115.85,116.21,116.21,"10,170,100"
"Sep 29, 2014",117.27,117.40,116.90,117.03,117.03,"4,049,500"
"Sep 26, 2014",117.02,117.10,116.58,117.06,117.06,"4,185,200"
"Sep 25, 2014",116.30,117.76,116.20,117.39,117.39,"7,631,700"
"Sep 24, 2014",117.12,117.72,116.90,117.05,117.05,"5,515,000"
"Sep 23, 2014",117.99,117.99,117.31,117.60,117.60,"4,664,800"
"Sep 22, 2014",116.72,117.37,116.58,116.85,116.85,"7,601,600"
"Sep 19, 2014",117.51,117.57,116.72,117.09,117.09,"10,930,200"
"Sep 18, 2014",117.41,118.09,117.19,117.78,117.78,"5,368,700"
"Sep 17, 2014",118.95,119.24,117.50,117.54,117.54,"8,328,700"
"Sep 16, 2014",118.85,119.43,118.44,118.83,118.83,"6,544,500"
"Sep 15, 2014",118.79,118.86,118.46,118.64,118.64,"4,775,400"
"Sep 12, 2014",118.63,118.90,118.07,118.38,118.38,"8,126,500"
"Sep 11, 2014",119.61,119.70,118.77,119.47,119.47,"7,612,000"
"Sep 10, 2014",120.13,120.54,119.64,120.26,120.26,"7,021,500"
"Sep 09, 2014",120.57,120.94,120.00,120.87,120.87,"6,157,300"
"Sep 08, 2014",121.58,121.61,120.37,120.73,120.73,"7,506,500"
"Sep 05, 2014",121.83,122.06,121.63,122.06,122.06,"3,490,100"
"Sep 04, 2014",122.48,122.66,121.25,121.48,121.48,"7,310,600"
"Sep 03, 2014",121.70,122.20,121.66,122.15,122.15,"3,414,600"
"Sep 02, 2014",121.97,122.08,121.43,121.65,121.65,"10,128,600"
"Aug 29, 2014",123.75,124.22,123.62,123.86,123.86,"3,683,500"
"Aug 28, 2014",124.15,124.33,123.81,124.00,124.00,"3,296,700"
"Aug 27, 2014",123.60,123.71,123.25,123.32,123.32,"2,576,800"
"Aug 26, 2014",123.92,123.97,123.28,123.35,123.35,"3,882,300"
"Aug 25, 2014",122.92,123.04,122.72,122.74,122.74,"5,012,400"
"Aug 22, 2014",123.09,123.33,122.57,123.19,123.19,"4,739,200"
"Aug 21, 2014",122.72,123.24,122.45,122.88,122.88,"8,008,800"
"Aug 20, 2014",124.82,124.82,123.88,124.22,124.22,"4,395,600"
"Aug 19, 2014",125.00,125.00,124.48,124.68,124.68,"4,878,400"
"Aug 18, 2014",124.78,125.08,124.65,124.96,124.96,"4,952,500"
"Aug 15, 2014",124.52,126.07,124.41,125.48,125.48,"13,070,500"
"Aug 14, 2014",126.24,126.53,126.13,126.31,126.31,"3,348,500"
"Aug 13, 2014",126.35,126.53,125.90,126.20,126.20,"3,967,500"
"Aug 12, 2014",126.42,126.81,125.87,125.99,125.99,"4,609,700"
"Aug 11, 2014",125.84,126.04,125.64,125.96,125.96,"3,163,500"
"Aug 08, 2014",126.08,126.41,125.89,126.19,126.19,"5,728,200"
"Aug 07, 2014",125.47,126.51,125.37,126.18,126.18,"7,298,900"
"Aug 06, 2014",125.71,126.00,125.52,125.67,125.67,"9,327,800"
"Aug 05, 2014",123.74,124.52,123.40,123.87,123.87,"8,342,500"
"Aug 04, 2014",124.36,124.47,123.73,123.99,123.99,"6,499,400"
"Aug 01, 2014",124.54,124.81,124.23,124.38,124.38,"7,397,000"
"Jul 31, 2014",123.85,124.07,123.23,123.39,123.39,"9,896,500"
"Jul 30, 2014",124.89,124.93,124.41,124.83,124.83,"5,614,800"
"Jul 29, 2014",125.79,125.88,124.72,125.20,125.20,"5,267,700"
"Jul 28, 2014",125.44,125.67,125.30,125.58,125.58,"3,212,900"
"Jul 25, 2014",124.48,125.93,124.43,125.79,125.79,"5,638,800"
"Jul 24, 2014",124.85,124.87,123.90,124.35,124.35,"8,111,600"
"Jul 23, 2014",125.72,126.04,125.40,125.62,125.62,"3,041,400"
"Jul 22, 2014",126.33,126.43,125.47,125.74,125.74,"3,882,000"
"Jul 21, 2014",126.53,126.55,126.11,126.34,126.34,"3,296,300"
"Jul 18, 2014",125.79,126.21,125.67,126.13,126.13,"6,460,900"
"Jul 17, 2014",125.52,127.55,125.11,127.09,127.09,"11,423,900"
"Jul 16, 2014",125.02,125.47,124.78,124.97,124.97,"4,099,800"
"Jul 15, 2014",125.89,126.32,124.36,124.53,124.53,"10,541,700"
"Jul 14, 2014",125.50,126.10,125.45,125.72,125.72,"11,465,500"
"Jul 11, 2014",128.41,128.83,128.38,128.78,128.78,"4,322,100"
"Jul 10, 2014",129.11,129.21,128.49,128.54,128.54,"6,313,300"
"Jul 09, 2014",127.54,128.26,127.18,127.84,127.84,"8,362,700"
"Jul 08, 2014",127.29,127.53,126.43,127.07,127.07,"6,216,600"
"Jul 07, 2014",126.63,127.03,126.23,127.02,127.02,"4,630,200"
"Jul 03, 2014",126.79,127.29,126.61,127.16,127.16,"4,922,500"
"Jul 02, 2014",127.76,128.24,127.64,127.70,127.70,"5,738,900"
"Jul 01, 2014",127.99,128.12,127.49,127.70,127.70,"8,145,900"
"Jun 30, 2014",126.53,128.04,126.37,128.04,128.04,"18,123,400"
"Jun 27, 2014",126.88,127.17,126.65,126.66,126.66,"4,200,300"
"Jun 26, 2014",126.53,126.92,126.20,126.73,126.73,"5,529,800"
"Jun 25, 2014",126.78,127.55,126.66,126.99,126.99,"6,692,300"
"Jun 24, 2014",127.22,127.32,126.73,126.98,126.98,"6,350,200"
"Jun 23, 2014",126.65,126.94,126.37,126.85,126.85,"5,142,800"
"Jun 20, 2014",126.32,127.07,126.21,126.50,126.50,"9,954,700"
"Jun 19, 2014",124.33,127.23,124.32,126.94,126.94,"24,374,800"
"Jun 18, 2014",122.22,122.80,122.09,122.67,122.67,"4,601,700"
"Jun 17, 2014",121.85,122.50,121.82,122.28,122.28,"4,032,800"
"Jun 16, 2014",122.88,123.01,122.30,122.42,122.42,"5,832,800"
"Jun 13, 2014",122.57,123.04,122.51,122.96,122.96,"4,026,600"
"Jun 12, 2014",121.92,122.75,121.83,122.64,122.64,"7,388,500"
"Jun 11, 2014",121.51,121.61,121.18,121.41,121.41,"3,572,300"
"Jun 10, 2014",121.29,121.47,121.21,121.39,121.39,"3,556,600"
"Jun 09, 2014",120.79,120.85,120.57,120.65,120.65,"2,788,000"
"Jun 06, 2014",120.68,120.77,119.94,120.61,120.61,"4,807,700"
"Jun 05, 2014",120.55,120.88,120.43,120.66,120.66,"4,180,400"
"Jun 04, 2014",120.10,120.16,119.68,119.76,119.76,"3,859,500"
"Jun 03, 2014",119.73,120.09,119.42,120.01,120.01,"5,008,300"
"Jun 02, 2014",119.93,120.46,119.61,119.70,119.70,"5,916,100"
"May 30, 2014",120.76,120.81,119.62,120.43,120.43,"8,749,600"
"May 29, 2014",120.78,121.46,120.77,120.94,120.94,"5,551,900"
"May 28, 2014",121.47,121.70,120.92,121.20,121.20,"6,736,800"
"May 27, 2014",122.98,123.07,121.75,121.85,121.85,"10,895,800"
"May 23, 2014",124.60,124.66,124.19,124.51,124.51,"2,205,900"
"May 22, 2014",125.14,125.24,124.54,124.67,124.67,"3,458,800"
"May 21, 2014",124.25,124.55,123.53,124.39,124.39,"6,846,500"
"May 20, 2014",124.12,124.91,124.09,124.69,124.69,"3,770,800"
"May 19, 2014",125.28,125.47,124.48,124.58,124.58,"3,902,600"
"May 16, 2014",124.35,124.77,124.29,124.50,124.50,"4,052,100"
"May 15, 2014",124.77,125.51,124.54,124.77,124.77,"5,861,100"
"May 14, 2014",125.80,125.96,125.44,125.81,125.81,"4,015,900"
"May 13, 2014",124.79,125.10,124.50,124.60,124.60,"2,643,500"
"May 12, 2014",125.40,125.42,124.69,124.94,124.94,"4,025,500"
"May 09, 2014",124.39,124.47,123.82,124.10,124.10,"3,120,000"
"May 08, 2014",124.19,124.47,123.89,124.17,124.17,"3,695,500"
"May 07, 2014",125.52,125.57,123.92,124.17,124.17,"8,469,900"
"May 06, 2014",126.02,126.11,125.63,125.98,125.98,"3,488,000"
"May 05, 2014",126.47,126.63,126.00,126.22,126.22,"5,196,500"
"May 02, 2014",123.69,125.67,123.33,125.06,125.06,"9,912,900"
"May 01, 2014",123.17,123.83,123.06,123.80,123.80,"6,687,300"
"Apr 30, 2014",124.19,125.05,123.82,124.22,124.22,"10,352,900"
"Apr 29, 2014",124.95,125.38,124.65,124.86,124.86,"5,241,600"
"Apr 28, 2014",125.30,125.34,124.45,124.88,124.88,"4,897,900"
"Apr 25, 2014",125.17,125.71,125.07,125.43,125.43,"7,023,700"
"Apr 24, 2014",122.87,125.12,122.84,124.56,124.56,"8,754,200"
"Apr 23, 2014",123.70,123.94,123.38,123.76,123.76,"3,736,600"
"Apr 22, 2014",124.15,124.16,122.92,123.78,123.78,"6,898,100"
"Apr 21, 2014",124.07,124.33,123.76,124.24,124.24,"6,579,200"
"Apr 17, 2014",125.38,125.53,124.57,124.75,124.75,"5,901,900"
"Apr 16, 2014",125.37,125.57,125.03,125.54,125.54,"4,071,300"
"Apr 15, 2014",124.79,125.70,124.60,125.49,125.49,"9,967,600"
"Apr 14, 2014",127.80,128.25,127.62,127.85,127.85,"6,677,400"
"Apr 11, 2014",127.04,127.31,126.73,126.93,126.93,"4,697,200"
"Apr 10, 2014",126.95,127.37,126.82,127.01,127.01,"5,003,200"
"Apr 09, 2014",125.46,126.72,125.33,126.32,126.32,"5,305,600"
"Apr 08, 2014",126.34,126.34,125.90,126.09,126.09,"6,939,100"
"Apr 07, 2014",125.07,125.47,124.84,124.91,124.91,"3,967,200"
"Apr 04, 2014",125.20,125.96,124.86,125.57,125.57,"7,278,400"
"Apr 03, 2014",123.75,124.26,123.59,123.92,123.92,"3,658,800"
"Apr 02, 2014",124.41,124.75,124.19,124.32,124.32,"4,907,800"
"Apr 01, 2014",123.71,123.85,123.11,123.39,123.39,"5,992,000"
"Mar 31, 2014",124.52,124.79,123.57,123.61,123.61,"12,379,200"
"Mar 28, 2014",124.23,124.96,123.88,124.56,124.56,"7,253,700"
"Mar 27, 2014",125.06,125.29,124.21,124.59,124.59,"7,312,300"
"Mar 26, 2014",126.27,126.38,125.13,125.41,125.41,"8,575,400"
"Mar 25, 2014",126.44,126.82,126.24,126.41,126.41,"6,566,900"
"Mar 24, 2014",126.87,127.14,126.03,126.18,126.18,"13,076,500"
"Mar 21, 2014",129.04,129.09,128.41,128.47,128.47,"7,237,300"
"Mar 20, 2014",127.78,128.41,127.58,127.86,127.86,"7,690,800"
"Mar 19, 2014",129.55,129.68,127.94,128.09,128.09,"12,932,900"
"Mar 18, 2014",130.39,131.27,130.33,130.62,130.62,"6,424,400"
"Mar 17, 2014",132.73,133.22,131.22,131.64,131.64,"14,626,800"
"Mar 14, 2014",133.68,133.69,132.35,133.10,133.10,"11,939,600"
"Mar 13, 2014",131.69,132.54,131.56,132.21,132.21,"8,007,700"
"Mar 12, 2014",131.56,132.12,131.39,131.76,131.76,"11,094,200"
"Mar 11, 2014",130.01,130.15,128.93,129.86,129.86,"7,289,800"
"Mar 10, 2014",128.88,129.61,128.78,129.13,129.13,"4,169,900"
"Mar 07, 2014",128.25,129.23,128.21,129.09,129.09,"7,575,000"
"Mar 06, 2014",129.71,130.47,129.47,130.17,130.17,"5,408,900"
"Mar 05, 2014",128.71,129.34,128.58,128.89,128.89,"4,878,500"
"Mar 04, 2014",128.54,129.24,128.32,128.68,128.68,"6,341,700"
"Mar 03, 2014",130.00,130.59,129.81,130.29,130.29,"11,741,100"
"Feb 28, 2014",128.27,128.35,127.15,127.62,127.62,"10,584,100"
"Feb 27, 2014",128.40,128.80,127.89,128.20,128.20,"5,066,500"
"Feb 26, 2014",128.49,128.76,127.42,128.11,128.11,"7,052,900"
"Feb 25, 2014",128.62,129.53,128.57,129.21,129.21,"5,786,000"
"Feb 24, 2014",128.51,129.07,128.34,128.99,128.99,"12,114,200"
"Feb 21, 2014",127.57,128.07,127.15,127.58,127.58,"7,298,200"
"Feb 20, 2014",126.75,127.75,126.40,127.60,127.60,"10,572,900"
"Feb 19, 2014",127.26,127.45,126.16,126.27,126.27,"9,384,100"
"Feb 18, 2014",127.42,127.75,127.09,127.40,127.40,"7,685,800"
"Feb 14, 2014",126.99,127.38,126.75,127.15,127.15,"11,147,900"
"Feb 13, 2014",124.70,125.60,124.66,125.49,125.49,"9,167,900"
"Feb 12, 2014",124.40,124.98,124.13,124.43,124.43,"6,651,900"
"Feb 11, 2014",123.38,124.75,123.36,124.36,124.36,"11,546,000"
"Feb 10, 2014",122.80,123.16,122.72,122.92,122.92,"7,931,200"
"Feb 07, 2014",121.24,122.24,121.23,122.17,122.17,"6,674,700"
"Feb 06, 2014",121.38,121.51,120.78,121.24,121.24,"4,745,800"
"Feb 05, 2014",121.76,121.88,120.73,121.29,121.29,"6,800,000"
"Feb 04, 2014",120.41,121.09,120.39,120.99,120.99,"7,027,400"
"Feb 03, 2014",120.47,122.11,120.32,121.32,121.32,"9,267,300"
"Jan 31, 2014",120.65,120.86,119.46,120.09,120.09,"7,983,100"
"Jan 30, 2014",119.67,120.22,119.60,119.77,119.77,"8,746,500"
"Jan 29, 2014",122.19,122.51,121.13,122.47,122.47,"12,257,500"
"Jan 28, 2014",121.32,121.40,120.41,120.95,120.95,"5,149,500"
"Jan 27, 2014",121.65,122.06,120.72,120.96,120.96,"7,528,600"
"Jan 24, 2014",122.06,122.50,121.55,122.29,122.29,"8,515,700"
"Jan 23, 2014",120.97,122.02,120.97,121.79,121.79,"11,028,200"
"Jan 22, 2014",119.65,119.77,119.17,119.19,119.19,"4,891,800"
"Jan 21, 2014",119.23,119.97,119.23,119.70,119.70,"6,763,500"
"Jan 17, 2014",120.35,121.02,120.20,120.93,120.93,"7,923,400"
"Jan 16, 2014",119.84,119.96,119.57,119.79,119.79,"3,949,500"
"Jan 15, 2014",119.19,119.81,119.11,119.66,119.66,"5,474,300"
"Jan 14, 2014",120.54,121.06,119.72,119.89,119.89,"7,505,400"
"Jan 13, 2014",120.27,121.04,120.20,121.02,121.02,"5,872,700"
"Jan 10, 2014",119.72,120.43,119.58,120.26,120.26,"7,993,200"
"Jan 09, 2014",118.11,118.69,117.99,118.46,118.46,"3,972,800"
"Jan 08, 2014",117.99,118.52,117.50,118.12,118.12,"7,428,500"
"Jan 07, 2014",118.46,118.92,118.13,118.82,118.82,"6,433,700"
"Jan 06, 2014",119.76,120.39,117.11,119.50,119.50,"10,106,500"
"Jan 03, 2014",118.64,119.62,118.59,119.29,119.29,"5,874,400"
"Jan 02, 2014",117.93,118.73,117.75,118.00,118.00,"7,551,000"
"Dec 31, 2013",114.61,117.13,114.46,116.12,116.12,"12,835,900"
"Dec 30, 2013",116.37,116.40,115.18,115.39,115.39,"6,703,200"
"Dec 27, 2013",117.31,117.38,116.85,117.12,117.12,"4,206,200"
"Dec 26, 2013",117.23,117.23,116.65,116.74,116.74,"3,868,400"
"Dec 24, 2013",115.79,116.29,115.71,116.10,116.10,"3,353,900"
"Dec 23, 2013",115.61,116.12,115.43,115.57,115.57,"6,237,300"
"Dec 20, 2013",115.37,116.47,115.06,115.94,115.94,"14,693,700"
"Dec 19, 2013",115.97,116.06,114.50,114.82,114.82,"15,955,400"
"Dec 18, 2013",119.00,120.05,117.29,117.61,117.61,"16,265,000"
"Dec 17, 2013",118.96,119.90,118.37,118.65,118.65,"8,589,100"
"Dec 16, 2013",119.26,120.77,118.97,119.69,119.69,"8,189,500"
"Dec 13, 2013",118.89,119.49,118.76,119.38,119.38,"6,482,100"
"Dec 12, 2013",118.61,118.82,118.03,118.29,118.29,"8,810,800"
"Dec 11, 2013",121.49,121.81,120.76,120.86,120.86,"9,934,900"
"Dec 10, 2013",122.14,122.32,121.47,121.82,121.82,"9,155,600"
"Dec 09, 2013",118.99,119.92,118.95,119.72,119.72,"5,510,400"
"Dec 06, 2013",118.86,119.26,118.01,118.55,118.55,"7,909,500"
"Dec 05, 2013",118.20,119.24,117.41,118.30,118.30,"10,254,700"
"Dec 04, 2013",118.33,120.76,118.16,119.96,119.96,"9,110,700"
"Dec 03, 2013",117.58,118.31,117.23,117.96,117.96,"7,004,800"
"Dec 02, 2013",119.20,119.29,117.50,117.58,117.58,"10,297,100"
"Nov 29, 2013",120.67,121.05,120.62,120.70,120.70,"2,364,700"
"Nov 27, 2013",120.49,120.69,119.25,119.46,119.46,"6,144,600"
"Nov 26, 2013",119.84,120.40,119.59,119.82,119.82,"9,053,300"
"Nov 25, 2013",119.18,121.00,119.13,120.46,120.46,"7,266,300"
"Nov 22, 2013",120.24,120.40,119.82,119.92,119.92,"6,774,400"
"Nov 21, 2013",119.81,120.35,119.31,119.94,119.94,"7,557,500"
"Nov 20, 2013",121.67,122.44,119.76,120.12,120.12,"14,281,000"
"Nov 19, 2013",122.97,123.40,122.83,122.95,122.95,"3,666,500"
"Nov 18, 2013",123.70,123.96,122.55,122.90,122.90,"6,241,300"
"Nov 15, 2013",124.16,124.52,124.07,124.32,124.32,"4,660,700"
"Nov 14, 2013",123.92,124.91,123.88,124.27,124.27,"7,669,700"
"Nov 13, 2013",122.97,123.24,122.39,122.85,122.85,"5,967,000"
"Nov 12, 2013",123.51,123.87,121.73,122.45,122.45,"7,705,600"
"Nov 11, 2013",123.92,123.97,123.66,123.87,123.87,"3,277,700"
"Nov 08, 2013",124.46,124.46,123.62,124.28,124.28,"8,427,300"
"Nov 07, 2013",126.14,126.85,125.86,126.16,126.16,"7,700,100"
"Nov 06, 2013",127.11,127.36,126.92,127.20,127.20,"3,544,900"
"Nov 05, 2013",126.71,126.86,126.00,126.56,126.56,"4,941,200"
"Nov 04, 2013",127.18,127.52,126.74,126.81,126.81,"3,819,300"
"Nov 01, 2013",126.86,127.17,126.05,126.95,126.95,"9,566,200"
"Oct 31, 2013",128.04,128.49,127.30,127.74,127.74,"7,753,300"
"Oct 30, 2013",130.83,131.22,128.81,129.60,129.60,"8,896,000"
"Oct 29, 2013",130.16,130.59,129.57,129.77,129.77,"5,328,500"
"Oct 28, 2013",130.41,131.44,130.10,130.56,130.56,"6,807,800"
"Oct 25, 2013",129.53,130.92,129.46,130.46,130.46,"8,767,900"
"Oct 24, 2013",129.41,130.53,129.41,129.90,129.90,"10,221,400"
"Oct 23, 2013",128.55,129.09,128.35,128.69,128.69,"5,092,200"
"Oct 22, 2013",128.25,129.81,128.22,129.34,129.34,"8,849,000"
"Oct 21, 2013",127.13,127.34,126.79,126.98,126.98,"3,395,200"
"Oct 18, 2013",126.87,127.33,126.60,126.85,126.85,"5,350,500"
"Oct 17, 2013",127.01,127.86,126.81,127.42,127.42,"11,785,100"
"Oct 16, 2013",123.52,123.89,122.51,123.54,123.54,"8,523,400"
"Oct 15, 2013",122.28,124.36,122.22,123.73,123.73,"8,384,200"
"Oct 14, 2013",123.90,124.24,122.81,122.83,122.83,"6,118,200"
"Oct 11, 2013",122.37,122.81,121.85,122.60,122.60,"15,972,600"
"Oct 10, 2013",125.34,125.83,124.10,124.27,124.27,"10,523,600"
"Oct 09, 2013",126.21,126.89,124.97,126.11,126.11,"10,705,100"
"Oct 08, 2013",127.79,128.45,127.21,127.40,127.40,"6,999,700"
"Oct 07, 2013",127.25,128.33,127.12,127.64,127.64,"6,732,800"
"Oct 04, 2013",127.05,127.15,126.00,126.53,126.53,"6,923,700"
"Oct 03, 2013",126.77,127.69,126.22,127.18,127.18,"11,632,900"
"Oct 02, 2013",125.37,127.81,125.34,127.06,127.06,"11,994,200"
"Oct 01, 2013",125.25,125.26,123.81,124.59,124.59,"16,721,100"
"Sep 30, 2013",127.95,129.14,127.70,128.18,128.18,"8,979,000"
"Sep 27, 2013",128.86,129.58,128.84,128.97,128.97,"7,430,200"
"Sep 26, 2013",128.61,128.99,127.32,127.79,127.79,"9,491,300"
"Sep 25, 2013",127.57,129.21,127.52,128.79,128.79,"7,519,100"
"Sep 24, 2013",126.40,128.21,126.34,127.66,127.66,"7,349,700"
"Sep 23, 2013",127.52,128.44,127.33,127.55,127.55,"7,421,800"
"Sep 20, 2013",130.60,130.91,127.90,127.96,127.96,"19,558,200"
"Sep 19, 2013",132.00,132.78,131.22,131.75,131.75,"14,353,900"
"Sep 18, 2013",125.32,132.16,125.15,132.01,132.01,"24,780,000"
"Sep 17, 2013",126.81,126.99,126.11,126.50,126.50,"8,135,500"
"Sep 16, 2013",127.48,128.02,126.33,126.45,126.45,"9,829,100"
"Sep 13, 2013",127.16,127.96,126.21,127.82,127.82,"12,060,400"
"Sep 12, 2013",128.62,128.78,127.61,127.67,127.67,"12,944,000"
"Sep 11, 2013",131.58,131.81,131.26,131.70,131.70,"5,046,600"
"Sep 10, 2013",131.82,132.00,131.11,131.74,131.74,"8,433,100"
"Sep 09, 2013",134.13,134.32,133.67,133.91,133.91,"5,090,500"
"Sep 06, 2013",133.42,134.40,133.33,134.15,134.15,"8,448,700"
"Sep 05, 2013",134.13,134.35,131.80,132.20,132.20,"11,118,600"
"Sep 04, 2013",134.61,134.84,133.72,134.66,134.66,"7,785,400"
"Sep 03, 2013",135.46,136.79,135.03,136.42,136.42,"8,100,700"
"Aug 30, 2013",134.65,135.71,134.44,134.62,134.62,"7,680,000"
"Aug 29, 2013",136.12,136.55,135.42,135.87,135.87,"7,939,400"
"Aug 28, 2013",137.21,137.46,136.66,136.71,136.71,"13,650,400"
"Aug 27, 2013",136.94,137.55,136.52,136.75,136.75,"11,283,300"
"Aug 26, 2013",134.88,135.60,134.15,135.45,135.45,"7,692,100"
"Aug 23, 2013",132.58,135.24,132.50,134.90,134.90,"11,623,400"
"Aug 22, 2013",132.56,133.46,132.27,132.81,132.81,"5,741,800"
"Aug 21, 2013",131.74,133.23,131.51,132.07,132.07,"10,720,200"
"Aug 20, 2013",132.03,133.13,132.02,132.45,132.45,"7,809,100"
"Aug 19, 2013",132.33,132.50,131.59,132.01,132.01,"8,118,400"
"Aug 16, 2013",132.56,133.27,131.39,132.58,132.58,"14,447,100"
"Aug 15, 2013",128.06,132.36,127.98,131.69,131.69,"17,226,300"
"Aug 14, 2013",127.66,129.07,127.57,129.00,129.00,"8,713,200"
"Aug 13, 2013",128.49,128.65,127.38,127.74,127.74,"7,336,100"
"Aug 12, 2013",129.57,129.71,128.88,129.13,129.13,"7,414,300"
"Aug 09, 2013",126.51,127.27,126.30,126.86,126.86,"6,192,000"
"Aug 08, 2013",124.78,126.99,124.77,126.86,126.86,"8,653,600"
"Aug 07, 2013",124.00,124.60,123.85,124.15,124.15,"5,304,700"
"Aug 06, 2013",124.33,124.55,123.55,123.97,123.97,"6,016,200"
"Aug 05, 2013",126.51,126.64,125.34,125.70,125.70,"4,003,900"
"Aug 02, 2013",126.74,127.25,126.32,126.36,126.36,"6,466,300"
"Aug 01, 2013",127.84,127.89,126.33,126.61,126.61,"10,564,300"
"Jul 31, 2013",127.76,128.92,126.13,127.96,127.96,"16,015,300"
"Jul 30, 2013",127.95,128.31,127.22,128.12,128.12,"4,487,700"
"Jul 29, 2013",128.45,128.78,128.25,128.47,128.47,"3,554,100"
"Jul 26, 2013",128.11,128.97,126.78,128.78,128.78,"6,148,500"
"Jul 25, 2013",127.70,128.87,127.64,128.67,128.67,"4,702,400"
"Jul 24, 2013",129.17,129.40,126.87,127.48,127.48,"9,979,100"
"Jul 23, 2013",128.70,130.14,128.35,129.71,129.71,"8,820,100"
"Jul 22, 2013",127.65,129.46,127.59,128.84,128.84,"10,851,900"
"Jul 19, 2013",124.89,125.42,124.65,125.11,125.11,"5,767,800"
"Jul 18, 2013",124.11,124.52,123.78,124.01,124.01,"6,150,900"
"Jul 17, 2013",125.04,125.70,122.73,123.32,123.32,"10,882,400"
"Jul 16, 2013",124.76,125.21,124.33,124.89,124.89,"5,577,300"
"Jul 15, 2013",124.08,124.39,123.84,124.18,124.18,"4,133,200"
"Jul 12, 2013",123.52,124.30,123.32,124.13,124.13,"6,583,800"
"Jul 11, 2013",124.26,124.36,123.47,124.24,124.24,"11,279,400"
"Jul 10, 2013",121.15,122.35,120.59,120.95,120.95,"14,697,100"
"Jul 09, 2013",120.84,121.51,120.05,120.62,120.62,"8,201,400"
"Jul 08, 2013",119.09,119.66,118.93,119.51,119.51,"8,652,200"
"Jul 05, 2013",118.08,118.18,116.74,118.09,118.09,"11,592,500"
"Jul 03, 2013",120.70,121.77,120.54,120.74,120.74,"6,750,300"
"Jul 02, 2013",121.34,121.47,119.78,120.05,120.05,"10,550,300"
"Jul 01, 2013",119.94,121.95,119.38,121.13,121.13,"15,945,200"
"Jun 28, 2013",115.22,119.33,114.68,119.11,119.11,"32,981,900"
"Jun 27, 2013",119.10,119.51,115.65,115.94,115.94,"30,001,900"
"Jun 26, 2013",119.88,119.90,118.06,118.28,118.28,"24,748,800"
"Jun 25, 2013",123.65,123.90,122.88,123.47,123.47,"9,369,200"
"Jun 24, 2013",124.31,124.70,123.31,123.93,123.93,"12,749,300"
"Jun 21, 2013",125.16,125.57,124.46,125.05,125.05,"16,600,000"
"Jun 20, 2013",125.22,126.38,123.33,123.60,123.60,"28,872,100"
"Jun 19, 2013",132.58,133.15,130.38,130.59,130.59,"13,017,800"
"Jun 18, 2013",132.72,132.96,131.53,132.13,132.13,"7,379,300"
"Jun 17, 2013",133.89,134.06,133.52,133.77,133.77,"4,072,300"
"Jun 14, 2013",134.00,134.60,133.88,134.43,134.43,"4,278,700"
"Jun 13, 2013",133.31,134.20,132.82,133.74,133.74,"7,161,800"
"Jun 12, 2013",132.95,134.83,132.83,134.25,134.25,"6,550,600"
"Jun 11, 2013",132.31,133.51,132.24,133.25,133.25,"7,199,300"
"Jun 10, 2013",133.30,134.28,132.99,133.94,133.94,"6,142,800"
"Jun 07, 2013",134.11,134.62,133.18,133.28,133.28,"11,054,400"
"Jun 06, 2013",135.39,137.62,134.98,136.53,136.53,"9,847,700"
"Jun 05, 2013",135.47,136.37,135.01,135.52,135.52,"7,444,900"
"Jun 04, 2013",135.21,135.44,134.27,135.23,135.23,"5,505,200"
"Jun 03, 2013",134.77,136.98,134.43,136.51,136.51,"9,173,000"
"May 31, 2013",135.71,136.05,133.89,133.92,133.92,"9,726,600"
"May 30, 2013",136.67,137.11,136.26,136.70,136.70,"8,611,700"
"May 29, 2013",134.09,134.91,133.64,134.83,134.83,"8,762,200"
"May 28, 2013",133.68,135.57,132.80,133.49,133.49,"12,466,400"
"May 24, 2013",134.11,134.51,133.64,133.76,133.76,"5,522,600"
"May 23, 2013",134.51,134.84,133.12,134.61,134.61,"10,267,600"
"May 22, 2013",134.18,136.77,130.95,131.94,131.94,"25,975,200"
"May 21, 2013",132.17,133.65,131.45,132.88,132.88,"14,542,500"
"May 20, 2013",130.88,135.32,130.85,135.12,135.12,"21,594,000"
"May 17, 2013",133.17,133.48,131.02,131.07,131.07,"20,346,500"
"May 16, 2013",133.18,134.48,133.00,134.09,134.09,"12,759,200"
"May 15, 2013",136.59,136.98,134.23,134.63,134.63,"19,062,400"
"May 14, 2013",137.95,139.16,137.64,137.81,137.81,"9,895,700"
"May 13, 2013",138.46,138.97,138.16,138.43,138.43,"6,714,100"
"May 10, 2013",138.22,139.75,137.26,139.60,139.60,"14,650,600"
"May 09, 2013",141.33,142.36,140.51,140.81,140.81,"8,263,000"
"May 08, 2013",141.78,142.81,141.49,142.46,142.46,"11,161,100"
"May 07, 2013",140.38,140.64,139.37,140.38,140.38,"13,627,400"
"May 06, 2013",142.33,142.46,141.63,142.15,142.15,"7,730,300"
"May 03, 2013",141.70,142.71,141.40,142.09,142.09,"11,667,100"
"May 02, 2013",142.00,142.47,141.64,141.92,141.92,"11,502,200"
"May 01, 2013",140.59,141.55,139.30,141.11,141.11,"13,931,100"
"Apr 30, 2013",142.27,142.83,141.55,142.77,142.77,"11,284,400"
"Apr 29, 2013",142.13,142.66,141.49,142.30,142.30,"11,004,500"
"Apr 26, 2013",142.30,143.43,140.04,140.91,140.91,"19,307,800"
"Apr 25, 2013",140.00,142.08,139.79,141.63,141.63,"18,886,900"
"Apr 24, 2013",138.09,138.55,137.45,138.37,138.37,"10,369,300"
"Apr 23, 2013",137.22,137.24,135.85,136.88,136.88,"14,644,900"
"Apr 22, 2013",138.15,138.27,137.22,137.90,137.90,"16,568,500"
"Apr 19, 2013",136.00,136.02,134.60,135.47,135.47,"15,659,300"
"Apr 18, 2013",134.12,135.31,133.62,134.30,134.30,"20,040,500"
"Apr 17, 2013",133.81,134.95,132.32,132.87,132.87,"25,444,100"
"Apr 16, 2013",134.90,135.11,131.76,132.80,132.80,"45,650,800"
"Apr 15, 2013",136.00,136.75,130.51,131.31,131.31,"93,804,200"
"Apr 12, 2013",148.65,148.85,143.43,143.95,143.95,"55,601,800"
"Apr 11, 2013",150.76,151.71,150.63,151.05,151.05,"8,063,200"
"Apr 10, 2013",152.67,152.71,150.58,150.75,150.75,"18,507,400"
"Apr 09, 2013",152.32,153.85,152.28,153.34,153.34,"7,042,200"
"Apr 08, 2013",152.39,152.59,151.60,152.16,152.16,"6,246,000"
"Apr 05, 2013",151.54,152.96,151.07,152.81,152.81,"14,491,800"
"Apr 04, 2013",149.65,150.60,149.44,150.29,150.29,"12,429,000"
"Apr 03, 2013",152.02,152.53,149.92,150.73,150.73,"15,740,800"
"Apr 02, 2013",153.09,153.31,152.26,152.43,152.43,"9,398,300"
"Apr 01, 2013",154.57,154.93,154.30,154.67,154.67,"4,288,100"
"Mar 28, 2013",154.50,154.80,154.22,154.45,154.45,"6,851,200"
"Mar 27, 2013",154.67,155.62,154.51,155.36,155.36,"6,717,000"
"Mar 26, 2013",154.47,154.91,154.28,154.72,154.72,"7,388,700"
"Mar 25, 2013",154.71,155.57,154.36,155.24,155.24,"6,819,100"
"Mar 22, 2013",155.45,155.99,155.42,155.55,155.55,"4,746,300"
"Mar 21, 2013",156.17,156.43,155.88,156.25,156.25,"4,992,000"
"Mar 20, 2013",155.53,155.83,154.88,155.37,155.37,"8,221,500"
"Mar 19, 2013",155.22,156.34,155.10,156.08,156.08,"11,023,400"
"Mar 18, 2013",155.70,155.93,155.00,155.38,155.38,"9,302,400"
"Mar 15, 2013",154.12,154.72,153.97,154.00,154.00,"5,701,300"
"Mar 14, 2013",153.02,154.17,153.01,153.68,153.68,"11,410,400"
"Mar 13, 2013",154.26,154.60,153.42,153.66,153.66,"7,436,400"
"Mar 12, 2013",154.07,154.69,153.90,154.19,154.19,"7,265,700"
"Mar 11, 2013",152.82,153.06,152.65,152.99,152.99,"4,810,700"
"Mar 08, 2013",151.61,153.29,151.40,152.71,152.71,"11,859,500"
"Mar 07, 2013",153.02,153.21,152.40,152.69,152.69,"6,586,700"
"Mar 06, 2013",152.17,153.38,151.65,153.23,153.23,"10,856,000"
"Mar 05, 2013",153.10,153.39,152.11,152.38,152.38,"10,804,200"
"Mar 04, 2013",152.45,152.74,151.87,152.30,152.30,"6,643,800"
"Mar 01, 2013",153.16,153.61,152.14,152.44,152.44,"11,178,800"
"Feb 28, 2013",154.09,154.16,152.39,153.00,153.00,"14,864,400"
"Feb 27, 2013",155.46,155.60,154.08,154.57,154.57,"9,596,100"
"Feb 26, 2013",154.39,156.80,153.32,156.22,156.22,"18,182,300"
"Feb 25, 2013",153.52,154.56,153.31,154.34,154.34,"9,488,200"
"Feb 22, 2013",152.26,152.99,151.93,152.97,152.97,"10,093,200"
"Feb 21, 2013",152.00,153.41,151.90,152.62,152.62,"17,964,800"
"Feb 20, 2013",153.90,153.93,150.84,151.44,151.44,"30,924,000"
"Feb 19, 2013",155.80,155.84,154.93,155.33,155.33,"11,803,900"
"Feb 15, 2013",156.42,156.58,154.56,155.76,155.76,"23,374,100"
"Feb 14, 2013",159.31,159.65,158.04,158.35,158.35,"12,410,200"
"Feb 13, 2013",159.60,159.64,158.77,159.05,159.05,"8,961,300"
"Feb 12, 2013",159.35,160.05,158.88,159.89,159.89,"7,632,300"
"Feb 11, 2013",159.78,159.98,159.25,159.70,159.70,"12,083,500"
"Feb 08, 2013",161.46,162.02,161.20,161.57,161.57,"6,085,900"
"Feb 07, 2013",161.24,162.96,161.13,161.84,161.84,"12,827,200"
"Feb 06, 2013",162.13,162.63,161.99,162.39,162.39,"6,138,700"
"Feb 05, 2013",162.75,162.79,161.33,161.96,161.96,"8,979,400"
"Feb 04, 2013",161.19,162.42,161.15,162.00,162.00,"7,354,900"
"Feb 01, 2013",162.66,162.77,160.87,161.45,161.45,"12,904,300"
"Jan 31, 2013",161.62,161.81,160.47,161.20,161.20,"9,334,000"
"Jan 30, 2013",162.68,163.04,162.03,162.19,162.19,"12,010,000"
"Jan 29, 2013",161.01,161.31,160.69,160.99,160.99,"7,364,900"
"Jan 28, 2013",160.24,160.73,160.02,160.29,160.29,"8,491,600"
"Jan 25, 2013",160.56,161.04,160.31,160.65,160.65,"9,037,400"
"Jan 24, 2013",161.98,162.27,161.18,161.42,161.42,"13,188,300"
"Jan 23, 2013",163.92,163.95,163.00,163.21,163.21,"6,697,000"
"Jan 22, 2013",163.48,164.22,163.37,163.67,163.67,"8,587,900"
"Jan 18, 2013",163.95,163.97,163.02,163.09,163.09,"10,038,100"
"Jan 17, 2013",161.94,164.40,161.83,163.35,163.35,"14,911,400"
"Jan 16, 2013",162.42,163.03,162.15,162.65,162.65,"9,214,700"
"Jan 15, 2013",162.80,163.17,162.35,162.56,162.56,"10,077,800"
"Jan 14, 2013",161.88,161.97,161.13,161.54,161.54,"7,289,000"
"Jan 11, 2013",161.86,161.90,160.11,161.06,161.06,"13,675,600"
"Jan 10, 2013",161.61,162.56,161.61,161.98,161.98,"11,432,600"
"Jan 09, 2013",160.77,160.83,159.90,160.49,160.49,"8,334,200"
"Jan 08, 2013",160.46,160.99,160.01,160.56,160.56,"7,694,800"
"Jan 07, 2013",159.36,159.96,159.15,159.43,159.43,"9,361,800"
"Jan 04, 2013",159.52,160.63,158.89,160.44,160.44,"19,179,800"
"Jan 03, 2013",162.48,162.88,160.83,161.20,161.20,"16,117,500"
"Jan 02, 2013",163.49,164.14,163.14,163.17,163.17,"10,431,800"
"Dec 31, 2012",160.90,162.75,160.77,162.02,162.02,"11,786,200"
"Dec 28, 2012",160.94,160.97,160.15,160.54,160.54,"6,852,900"
"Dec 27, 2012",160.23,161.31,160.05,161.16,161.16,"8,937,700"
"Dec 26, 2012",161.36,161.49,160.64,160.78,160.78,"4,961,800"
"Dec 24, 2012",160.88,160.96,160.47,160.62,160.62,"3,699,400"
"Dec 21, 2012",159.82,160.76,159.78,160.33,160.33,"13,445,400"
"Dec 20, 2012",159.87,160.12,158.39,159.73,159.73,"25,148,400"
"Dec 19, 2012",161.31,162.22,161.11,161.69,161.69,"12,991,600"
"Dec 18, 2012",164.35,164.43,160.90,162.08,162.08,"23,995,000"
"Dec 17, 2012",164.16,164.62,164.13,164.44,164.44,"8,173,300"
"Dec 14, 2012",164.17,164.48,164.02,164.13,164.13,"5,351,700"
"Dec 13, 2012",163.87,164.90,163.78,164.37,164.37,"9,332,800"
"Dec 12, 2012",166.20,166.94,165.36,165.77,165.77,"14,164,700"
"Dec 11, 2012",165.45,165.66,165.12,165.65,165.65,"4,724,000"
"Dec 10, 2012",166.11,166.16,165.71,165.80,165.80,"4,646,600"
"Dec 07, 2012",164.88,165.22,164.60,165.16,165.16,"7,289,500"
"Dec 06, 2012",163.72,165.00,163.53,164.50,164.50,"7,301,600"
"Dec 05, 2012",164.22,164.50,163.20,164.12,164.12,"10,646,800"
"Dec 04, 2012",164.06,164.83,163.87,164.42,164.42,"10,208,900"
"Dec 03, 2012",166.11,166.92,166.04,166.13,166.13,"6,363,400"
"Nov 30, 2012",166.94,167.22,165.53,166.05,166.05,"8,412,300"
"Nov 29, 2012",167.14,167.50,166.85,167.18,167.18,"7,446,800"
"Nov 28, 2012",165.43,166.84,165.38,166.55,166.55,"12,880,100"
"Nov 27, 2012",169.14,169.40,168.62,168.71,168.71,"7,314,400"
"Nov 26, 2012",169.56,169.73,169.25,169.43,169.43,"5,377,700"
"Nov 23, 2012",167.97,170.01,167.80,169.61,169.61,"6,110,100"
"Nov 21, 2012",167.19,167.82,166.97,167.56,167.56,"3,810,700"
"Nov 20, 2012",167.75,168.02,166.84,167.39,167.39,"5,496,100"
"Nov 19, 2012",167.75,168.16,167.38,167.87,167.87,"6,764,500"
"Nov 16, 2012",165.74,166.36,165.47,165.88,165.88,"6,944,000"
"Nov 15, 2012",167.00,167.05,165.18,166.09,166.09,"10,023,200"
"Nov 14, 2012",167.46,168.04,166.78,167.14,167.14,"8,510,500"
"Nov 13, 2012",166.66,167.94,166.63,167.10,167.10,"6,463,300"
"Nov 12, 2012",168.10,168.28,167.21,167.45,167.45,"5,647,600"
"Nov 09, 2012",168.21,168.54,167.55,167.82,167.82,"7,361,000"
"Nov 08, 2012",166.14,168.16,166.12,167.99,167.99,"8,829,000"
"Nov 07, 2012",166.87,167.13,165.04,166.49,166.49,"13,195,200"
"Nov 06, 2012",163.91,166.77,163.61,166.30,166.30,"16,051,800"
"Nov 05, 2012",163.12,163.42,162.81,163.23,163.23,"6,156,200"
"Nov 02, 2012",164.45,164.47,162.30,162.60,162.60,"14,763,100"
"Nov 01, 2012",167.02,167.04,166.04,166.07,166.07,"6,018,000"
"Oct 31, 2012",166.47,167.28,166.38,166.83,166.83,"4,681,500"
"Oct 26, 2012",166.23,166.60,165.77,165.93,165.93,"6,441,300"
"Oct 25, 2012",166.29,166.53,165.77,166.02,166.02,"7,013,800"
"Oct 24, 2012",165.78,165.83,164.60,164.86,164.86,"10,794,600"
"Oct 23, 2012",166.04,166.06,165.12,165.43,165.43,"11,892,500"
"Oct 22, 2012",167.08,167.63,167.03,167.58,167.58,"6,366,200"
"Oct 19, 2012",168.42,168.45,166.23,166.97,166.97,"13,860,400"
"Oct 18, 2012",168.80,169.31,168.59,168.79,168.79,"6,607,100"
"Oct 17, 2012",169.21,169.95,168.92,169.54,169.54,"5,203,400"
"Oct 16, 2012",168.87,169.45,168.67,169.42,169.42,"6,204,000"
"Oct 15, 2012",169.01,169.10,167.53,168.35,168.35,"10,704,900"
"Oct 12, 2012",171.15,171.41,169.81,170.06,170.06,"8,266,000"
"Oct 11, 2012",171.30,171.95,171.13,171.32,171.32,"5,714,900"
"Oct 10, 2012",170.54,171.34,170.30,170.84,170.84,"7,361,300"
"Oct 09, 2012",171.86,172.17,170.56,170.99,170.99,"7,750,700"
"Oct 08, 2012",171.75,172.28,171.68,172.05,172.05,"3,749,300"
"Oct 05, 2012",172.87,173.37,172.01,172.62,172.62,"8,871,000"
"Oct 04, 2012",173.20,174.07,172.92,173.61,173.61,"10,376,800"
"Oct 03, 2012",172.51,172.61,171.89,172.41,172.41,"5,647,600"
"Oct 02, 2012",172.47,172.70,171.59,172.10,172.10,"7,053,900"
"Oct 01, 2012",172.83,173.62,171.77,172.29,172.29,"10,676,400"
"Sep 28, 2012",172.03,172.48,171.34,171.89,171.89,"9,681,200"
"Sep 27, 2012",171.02,172.60,170.76,172.34,172.34,"10,539,500"
"Sep 26, 2012",169.46,170.05,168.34,169.81,169.81,"12,064,800"
"Sep 25, 2012",171.76,172.11,170.50,170.77,170.77,"10,365,300"
"Sep 24, 2012",170.63,171.39,170.57,171.05,171.05,"9,177,900"
"Sep 21, 2012",172.93,173.18,171.54,171.96,171.96,"13,361,300"
"Sep 20, 2012",171.03,171.69,170.23,171.47,171.47,"8,703,000"
"Sep 19, 2012",171.88,172.03,171.19,171.74,171.74,"9,125,800"
"Sep 18, 2012",170.81,171.95,170.67,171.72,171.72,"12,486,600"
"Sep 17, 2012",171.77,171.96,170.06,170.40,170.40,"11,281,600"
"Sep 14, 2012",171.89,172.23,171.31,171.80,171.80,"16,847,500"
"Sep 13, 2012",167.87,171.91,166.30,171.31,171.31,"28,336,900"
"Sep 12, 2012",168.84,168.87,167.25,167.92,167.92,"9,945,400"
"Sep 11, 2012",168.22,168.53,167.79,167.90,167.90,"7,522,900"
"Sep 10, 2012",167.84,168.14,167.23,167.29,167.29,"7,760,600"
"Sep 07, 2012",167.77,169.00,167.37,168.44,168.44,"19,138,600"
"Sep 06, 2012",165.16,165.78,164.80,164.89,164.89,"12,961,100"
"Sep 05, 2012",164.12,164.39,163.81,164.31,164.31,"8,401,900"
"Sep 04, 2012",164.11,164.77,163.66,164.48,164.48,"12,034,800"
"Aug 31, 2012",161.14,164.22,159.56,164.22,164.22,"18,024,200"
"Aug 30, 2012",161.26,161.31,160.01,160.52,160.52,"5,813,700"
"Aug 29, 2012",161.60,161.68,160.18,160.59,160.59,"9,287,700"
"Aug 28, 2012",161.63,162.19,161.30,161.64,161.64,"5,074,200"
"Aug 27, 2012",161.77,162.29,161.34,161.36,161.36,"5,380,200"
"Aug 24, 2012",161.87,162.35,161.33,161.97,161.97,"8,497,200"
"Aug 23, 2012",161.41,162.45,161.23,161.89,161.89,"17,237,600"
"Aug 22, 2012",159.19,160.63,158.51,160.54,160.54,"13,605,900"
"Aug 21, 2012",158.81,159.20,158.69,158.83,158.83,"11,833,100"
"Aug 20, 2012",156.52,157.40,156.47,157.26,157.26,"7,846,200"
"Aug 17, 2012",157.06,157.07,156.22,156.72,156.72,"7,812,100"
"Aug 16, 2012",155.85,157.09,155.50,156.56,156.56,"8,838,300"
"Aug 15, 2012",155.32,155.82,155.27,155.63,155.63,"4,993,900"
"Aug 14, 2012",155.06,155.58,154.83,155.13,155.13,"5,075,200"
"Aug 13, 2012",157.05,157.45,155.90,155.99,155.99,"4,573,300"
"Aug 10, 2012",156.90,157.82,156.65,157.18,157.18,"4,608,000"
"Aug 09, 2012",156.36,157.00,156.28,156.99,156.99,"3,177,800"
"Aug 08, 2012",156.49,156.86,156.26,156.48,156.48,"3,620,500"
"Aug 07, 2012",156.37,156.63,156.01,156.28,156.28,"5,923,300"
"Aug 06, 2012",155.92,156.73,155.74,156.30,156.30,"4,610,800"
"Aug 03, 2012",154.65,155.89,154.42,155.55,155.55,"10,670,700"
"Aug 02, 2012",154.66,155.14,153.61,154.13,154.13,"11,538,800"
"Aug 01, 2012",155.18,155.79,154.41,155.14,155.14,"12,714,500"
"Jul 31, 2012",157.60,157.72,156.26,156.49,156.49,"10,919,700"
"Jul 30, 2012",156.84,157.66,154.81,157.43,157.43,"7,212,100"
"Jul 27, 2012",157.64,157.96,156.66,157.54,157.54,"9,772,600"
"Jul 26, 2012",156.70,157.26,156.05,156.77,156.77,"7,343,500"
"Jul 25, 2012",155.33,156.29,155.05,155.67,155.67,"9,355,900"
"Jul 24, 2012",153.63,153.80,152.20,153.52,153.52,"6,538,900"
"Jul 23, 2012",152.50,153.33,152.29,153.03,153.03,"5,256,700"
"Jul 20, 2012",152.97,154.00,152.75,153.67,153.67,"8,583,800"
"Jul 19, 2012",153.73,154.32,152.93,153.38,153.38,"6,070,000"
"Jul 18, 2012",152.67,153.60,152.40,153.05,153.05,"6,807,600"
"Jul 17, 2012",154.01,154.50,152.45,153.47,153.47,"13,021,800"
"Jul 16, 2012",154.43,154.75,153.98,154.21,154.21,"5,710,900"
"Jul 13, 2012",153.45,154.94,153.44,154.14,154.14,"5,080,300"
"Jul 12, 2012",151.26,153.07,150.85,152.59,152.59,"11,394,800"
"Jul 11, 2012",152.58,153.45,152.02,152.99,152.99,"6,838,500"
"Jul 10, 2012",155.13,155.18,151.78,152.15,152.15,"9,747,900"
"Jul 09, 2012",153.61,154.58,153.43,154.04,154.04,"4,468,500"
"Jul 06, 2012",154.23,154.49,152.95,153.71,153.71,"7,045,700"
"Jul 05, 2012",155.44,156.40,154.45,155.68,155.68,"5,359,900"
"Jul 03, 2012",156.97,157.72,156.77,157.46,157.46,"5,037,700"
"Jul 02, 2012",154.67,155.55,154.34,155.09,155.09,"3,654,200"
"Jun 29, 2012",155.13,155.95,154.52,155.19,155.19,"10,378,200"
"Jun 28, 2012",151.90,152.16,150.15,151.05,151.05,"8,755,600"
"Jun 27, 2012",153.30,153.45,152.15,152.83,152.83,"4,840,700"
"Jun 26, 2012",153.03,153.30,152.13,152.62,152.62,"6,123,400"
"Jun 25, 2012",152.58,154.16,152.25,153.76,153.76,"6,183,600"
"Jun 22, 2012",152.04,152.70,151.21,152.64,152.64,"6,755,200"
"Jun 21, 2012",153.73,154.23,151.80,152.02,152.02,"14,447,500"
"Jun 20, 2012",156.00,157.37,154.26,155.97,155.97,"16,970,200"
"Jun 19, 2012",158.00,158.14,156.97,157.16,157.16,"6,945,900"
"Jun 18, 2012",157.46,158.21,156.54,157.93,157.93,"6,733,000"
"Jun 15, 2012",157.75,158.46,157.42,157.84,157.84,"13,099,300"
"Jun 14, 2012",157.64,157.94,156.24,157.75,157.75,"11,502,400"
"Jun 13, 2012",157.61,157.65,156.42,157.12,157.12,"10,109,800"
"Jun 12, 2012",155.49,157.04,155.45,156.46,156.46,"13,241,100"
"Jun 11, 2012",154.83,155.40,153.55,155.36,155.36,"9,166,600"
"Jun 08, 2012",153.02,154.83,153.00,154.73,154.73,"11,074,800"
"Jun 07, 2012",157.82,157.84,153.19,154.50,154.50,"18,921,600"
"Jun 06, 2012",158.90,159.20,156.59,157.21,157.21,"15,771,600"
"Jun 05, 2012",156.92,157.27,156.42,157.14,157.14,"8,095,300"
"Jun 04, 2012",157.26,157.44,156.16,157.32,157.32,"11,462,100"
"Jun 01, 2012",155.41,158.31,154.87,157.50,157.50,"27,399,400"
"May 31, 2012",152.03,152.71,150.62,151.62,151.62,"10,114,300"
"May 30, 2012",149.74,152.38,148.53,151.91,151.91,"16,764,800"
"May 29, 2012",153.47,153.62,150.25,151.02,151.02,"11,243,100"
"May 25, 2012",151.89,152.85,151.63,152.68,152.68,"6,212,900"
"May 24, 2012",152.71,152.91,150.62,151.41,151.41,"9,697,100"
"May 23, 2012",151.50,151.84,148.84,151.62,151.62,"18,854,500"
"May 22, 2012",153.59,154.42,151.55,152.08,152.08,"11,302,700"
"May 21, 2012",154.11,154.95,153.86,154.65,154.65,"7,542,400"
"May 18, 2012",154.46,155.13,153.97,154.55,154.55,"12,994,200"
"May 17, 2012",150.83,153.40,150.38,152.80,152.80,"18,080,700"
"May 16, 2012",149.48,150.70,148.60,149.46,149.46,"16,750,700"
"May 15, 2012",151.16,151.44,149.63,149.74,149.74,"13,354,500"
"May 14, 2012",151.58,152.03,151.00,151.33,151.33,"13,388,200"
"May 11, 2012",153.44,154.47,153.24,153.56,153.56,"8,285,600"
"May 10, 2012",155.16,155.57,154.64,154.77,154.77,"7,460,100"
"May 09, 2012",154.10,154.98,153.60,154.47,154.47,"13,864,000"
"May 08, 2012",156.61,156.73,154.92,156.00,156.00,"17,852,300"
"May 07, 2012",159.31,159.34,158.45,159.08,159.08,"4,927,800"
"May 04, 2012",158.82,159.98,158.57,159.47,159.47,"11,389,600"
"May 03, 2012",159.16,159.48,158.37,158.97,158.97,"13,172,000"
"May 02, 2012",160.74,160.78,159.76,160.59,160.59,"5,632,300"
"May 01, 2012",162.09,162.18,160.89,161.32,161.32,"7,414,800"
"Apr 30, 2012",160.49,161.88,160.31,161.88,161.88,"8,007,300"
"Apr 27, 2012",161.78,161.97,161.15,161.38,161.38,"8,906,600"
"Apr 26, 2012",160.46,161.38,160.10,161.03,161.03,"10,918,700"
"Apr 25, 2012",159.48,159.96,157.76,159.62,159.62,"15,093,700"
"Apr 24, 2012",159.63,160.18,159.29,159.30,159.30,"5,200,600"
"Apr 23, 2012",158.20,159.18,157.88,159.07,159.07,"8,876,800"
"Apr 20, 2012",159.25,159.91,159.20,159.54,159.54,"9,148,800"
"Apr 19, 2012",160.00,160.64,159.02,159.43,159.43,"9,914,400"
"Apr 18, 2012",159.49,160.12,159.07,159.31,159.31,"7,463,000"
"Apr 17, 2012",160.54,160.96,158.75,160.25,160.25,"7,587,100"
"Apr 16, 2012",160.51,161.18,159.53,160.46,160.46,"6,670,500"
"Apr 13, 2012",162.45,162.46,160.17,160.85,160.85,"10,041,000"
"Apr 12, 2012",160.74,163.20,160.46,162.70,162.70,"9,229,900"
"Apr 11, 2012",161.20,161.54,160.74,161.07,161.07,"10,005,400"
"Apr 10, 2012",159.66,161.58,158.47,161.10,161.10,"14,288,500"
"Apr 09, 2012",159.72,160.01,158.91,159.37,159.37,"8,245,800"
"Apr 05, 2012",157.87,158.68,157.78,158.31,158.31,"8,967,700"
"Apr 04, 2012",157.70,158.03,156.58,157.21,157.21,"15,975,600"
"Apr 03, 2012",163.23,163.23,159.17,159.89,159.89,"16,822,300"
"Apr 02, 2012",161.96,163.56,161.81,162.94,162.94,"7,541,700"
"Mar 30, 2012",161.67,162.33,161.22,162.12,162.12,"7,534,000"
"Mar 29, 2012",161.14,161.46,159.81,161.28,161.28,"11,026,900"
"Mar 28, 2012",162.71,162.98,160.66,161.51,161.51,"11,008,200"
"Mar 27, 2012",164.52,164.89,163.13,163.24,163.24,"10,908,700"
"Mar 26, 2012",163.17,164.54,162.95,164.40,164.40,"13,226,700"
"Mar 23, 2012",160.88,161.88,160.52,161.53,161.53,"10,689,000"
"Mar 22, 2012",158.20,159.71,158.13,159.57,159.57,"11,107,700"
"Mar 21, 2012",160.63,161.48,160.15,160.21,160.21,"6,672,700"
"Mar 20, 2012",160.20,161.08,159.77,160.13,160.13,"11,643,700"
"Mar 19, 2012",160.85,162.30,160.72,161.59,161.59,"9,920,800"
"Mar 16, 2012",160.08,161.54,159.92,161.30,161.30,"12,549,200"
"Mar 15, 2012",159.73,161.98,159.28,161.08,161.08,"12,689,300"
"Mar 14, 2012",159.61,160.58,158.80,159.57,159.57,"28,822,100"
"Mar 13, 2012",163.94,165.41,161.43,162.30,162.30,"20,047,000"
"Mar 12, 2012",165.33,165.58,164.40,165.07,165.07,"6,523,800"
"Mar 09, 2012",163.64,166.57,163.25,166.38,166.38,"13,698,200"
"Mar 08, 2012",164.74,165.55,164.05,165.28,165.28,"8,858,200"
"Mar 07, 2012",162.76,164.02,162.51,163.63,163.63,"9,553,300"
"Mar 06, 2012",162.15,162.81,161.78,162.70,162.70,"15,533,200"
"Mar 05, 2012",165.77,165.91,164.55,165.65,165.65,"12,071,400"
"Mar 02, 2012",166.23,166.83,165.63,166.34,166.34,"9,298,100"
"Mar 01, 2012",166.10,167.72,165.75,166.61,166.61,"19,200,700"
"Feb 29, 2012",173.19,173.59,164.00,164.29,164.29,"44,149,000"
"Feb 28, 2012",172.84,174.00,172.60,173.49,173.49,"12,413,000"
"Feb 27, 2012",172.14,172.92,171.58,171.70,171.70,"7,340,900"
"Feb 24, 2012",172.63,173.04,172.00,172.23,172.23,"9,293,700"
"Feb 23, 2012",172.69,173.77,172.28,173.02,173.02,"11,654,200"
"Feb 22, 2012",170.40,173.17,170.19,172.94,172.94,"16,676,500"
"Feb 21, 2012",169.65,171.07,169.59,171.02,171.02,"13,611,200"
"Feb 17, 2012",168.29,168.33,166.87,167.35,167.35,"7,286,900"
"Feb 16, 2012",166.33,168.14,166.17,168.00,168.00,"10,734,000"
"Feb 15, 2012",168.63,168.75,167.19,168.11,168.11,"11,638,500"
"Feb 14, 2012",167.65,167.93,166.42,167.12,167.12,"7,862,500"
"Feb 13, 2012",167.33,167.94,166.74,167.51,167.51,"7,088,900"
"Feb 10, 2012",166.49,167.64,166.33,167.14,167.14,"10,326,800"
"Feb 09, 2012",170.01,170.37,167.67,168.02,168.02,"16,085,200"
"Feb 08, 2012",169.26,169.96,167.50,168.50,168.50,"10,655,500"
"Feb 07, 2012",167.38,170.09,167.15,169.70,169.70,"11,614,300"
"Feb 06, 2012",166.96,167.68,166.61,167.18,167.18,"8,807,400"
"Feb 03, 2012",169.88,170.14,167.51,167.64,167.64,"23,355,300"
"Feb 02, 2012",169.96,171.23,169.68,171.05,171.05,"11,509,600"
"Feb 01, 2012",169.75,170.18,169.08,169.56,169.56,"7,734,200"
"Jan 31, 2012",169.77,169.86,167.72,169.31,169.31,"11,192,500"
"Jan 30, 2012",168.19,168.54,167.74,168.03,168.03,"8,438,000"
"Jan 27, 2012",167.44,169.00,167.41,168.97,168.97,"13,030,100"
"Jan 26, 2012",168.05,168.31,167.05,167.27,167.27,"19,143,800"
"Jan 25, 2012",161.07,166.55,160.29,166.42,166.42,"28,957,700"
"Jan 24, 2012",161.81,162.37,161.53,162.01,162.01,"7,502,100"
"Jan 23, 2012",162.32,163.47,162.32,163.16,163.16,"8,832,100"
"Jan 20, 2012",160.50,162.09,160.00,162.07,162.07,"11,616,700"
"Jan 19, 2012",160.96,161.45,160.33,161.22,161.22,"8,114,200"
"Jan 18, 2012",159.94,161.64,159.68,161.60,161.60,"9,341,200"
"Jan 17, 2012",161.17,161.65,160.42,160.50,160.50,"8,313,300"
"Jan 13, 2012",159.32,159.59,158.01,159.26,159.26,"8,910,300"
"Jan 12, 2012",161.02,161.62,159.83,160.38,160.38,"8,602,500"
"Jan 11, 2012",159.34,160.05,158.91,159.67,159.67,"7,968,500"
"Jan 10, 2012",158.97,159.47,158.47,158.64,158.64,"8,371,400"
"Jan 09, 2012",157.36,157.59,156.19,156.50,156.50,"8,771,900"
"Jan 06, 2012",158.59,158.63,156.38,157.20,157.20,"9,790,500"
"Jan 05, 2012",155.37,158.03,155.25,157.78,157.78,"11,621,600"
"Jan 04, 2012",155.43,157.38,155.34,156.71,156.71,"11,549,700"
"Jan 03, 2012",154.76,156.30,154.55,155.92,155.92,"13,385,800"
"Dec 30, 2011",152.14,153.75,151.79,151.99,151.99,"10,852,700"
"Dec 29, 2011",149.09,150.72,148.27,150.34,150.34,"19,812,200"
"Dec 28, 2011",154.05,154.26,150.66,151.03,151.03,"16,436,100"
"Dec 27, 2011",155.08,155.55,154.54,154.91,154.91,"4,918,600"
"Dec 23, 2011",156.35,156.49,155.82,156.31,156.31,"3,565,100"
"Dec 22, 2011",156.35,156.80,155.33,156.04,156.04,"9,888,400"
"Dec 21, 2011",156.98,157.53,156.13,157.16,157.16,"11,996,100"
"Dec 20, 2011",156.82,157.43,156.58,156.98,156.98,"9,136,300"
"Dec 19, 2011",155.48,155.86,154.36,154.87,154.87,"12,547,200"
"Dec 16, 2011",154.31,155.37,153.90,155.23,155.23,"18,124,300"
"Dec 15, 2011",154.74,154.95,151.71,152.33,152.33,"21,521,900"
"Dec 14, 2011",156.79,157.34,152.05,152.89,152.89,"42,334,400"
"Dec 13, 2011",161.86,163.19,157.76,158.45,158.45,"25,040,400"
"Dec 12, 2011",162.35,162.41,161.14,161.99,161.99,"15,339,400"
"Dec 09, 2011",166.43,167.34,166.12,166.40,166.40,"8,354,000"
"Dec 08, 2011",166.96,167.63,165.73,165.98,165.98,"11,734,500"
"Dec 07, 2011",168.79,169.52,167.76,169.40,169.40,"10,361,300"
"Dec 06, 2011",166.31,168.57,165.53,168.18,168.18,"10,381,900"
"Dec 05, 2011",169.06,169.95,167.06,167.32,167.32,"10,246,700"
"Dec 02, 2011",170.65,170.80,169.36,169.82,169.82,"8,433,200"
"Dec 01, 2011",169.85,170.57,168.59,169.63,169.63,"11,610,300"
"Nov 30, 2011",169.70,170.30,169.06,170.13,170.13,"11,821,600"
"Nov 29, 2011",166.40,167.33,166.08,166.88,166.88,"9,198,900"
"Nov 28, 2011",166.93,167.14,165.98,166.63,166.63,"12,004,000"
"Nov 25, 2011",163.33,165.20,163.29,163.40,163.40,"6,098,000"
"Nov 23, 2011",164.55,165.37,163.12,164.83,164.83,"11,483,300"
"Nov 22, 2011",164.74,165.92,164.61,165.31,165.31,"12,094,400"
"Nov 21, 2011",166.61,166.71,162.07,163.50,163.50,"22,030,700"
"Nov 18, 2011",167.23,168.69,166.60,167.62,167.62,"14,172,900"
"Nov 17, 2011",170.04,170.30,166.39,167.10,167.10,"28,468,900"
"Nov 16, 2011",171.63,172.96,170.57,171.51,171.51,"15,093,300"
"Nov 15, 2011",173.35,173.81,171.90,173.36,173.36,"9,167,900"
"Nov 14, 2011",173.74,173.86,172.59,173.20,173.20,"5,886,400"
"Nov 11, 2011",172.10,174.05,172.07,173.96,173.96,"8,727,100"
"Nov 10, 2011",172.43,172.59,168.83,171.14,171.14,"11,848,700"
"Nov 09, 2011",174.28,174.81,171.61,172.07,172.07,"12,313,900"
"Nov 08, 2011",174.35,175.46,172.90,173.53,173.53,"16,054,200"
"Nov 07, 2011",172.85,175.00,172.71,174.98,174.98,"20,131,900"
"Nov 04, 2011",171.03,171.34,170.16,170.85,170.85,"11,060,400"
"Nov 03, 2011",171.17,172.04,169.90,171.72,171.72,"17,610,400"
"Nov 02, 2011",168.59,169.74,167.30,169.06,169.06,"14,530,500"
"Nov 01, 2011",164.03,167.41,163.61,167.38,167.38,"15,335,400"
"Oct 31, 2011",167.76,168.16,166.91,167.34,167.34,"8,437,200"
"Oct 28, 2011",169.64,169.94,168.75,169.62,169.62,"9,362,900"
"Oct 27, 2011",167.59,170.29,166.65,169.55,169.55,"15,876,900"
"Oct 26, 2011",167.03,168.05,166.42,167.40,167.40,"17,116,300"
"Oct 25, 2011",161.24,166.34,160.41,165.59,165.59,"22,130,800"
"Oct 24, 2011",160.55,161.33,160.22,161.02,161.02,"10,199,800"
"Oct 21, 2011",159.99,160.45,158.94,159.52,159.52,"13,334,500"
"Oct 20, 2011",157.62,158.42,156.05,157.77,157.77,"17,367,500"
"Oct 19, 2011",161.09,161.43,159.55,159.87,159.87,"8,528,700"
"Oct 18, 2011",159.96,162.03,158.30,161.84,161.84,"15,390,800"
"Oct 17, 2011",164.00,164.16,161.95,162.62,162.62,"8,765,700"
"Oct 14, 2011",163.33,163.82,162.25,163.40,163.40,"9,737,900"
"Oct 13, 2011",162.30,162.48,160.82,162.30,162.30,"8,327,900"
"Oct 12, 2011",163.70,164.00,162.50,163.26,163.26,"10,867,900"
"Oct 11, 2011",162.21,162.51,161.21,162.10,162.10,"8,256,900"
"Oct 10, 2011",162.05,163.32,161.14,163.27,163.27,"8,984,500"
"Oct 07, 2011",161.02,161.58,158.23,159.18,159.18,"12,977,400"
"Oct 06, 2011",160.02,161.11,158.77,160.49,160.49,"12,389,500"
"Oct 05, 2011",158.01,160.32,156.44,159.46,159.46,"15,132,300"
"Oct 04, 2011",160.95,161.03,155.27,157.64,157.64,"24,000,000"
"Oct 03, 2011",161.09,161.56,159.93,160.96,160.96,"14,200,400"
"Sep 30, 2011",157.30,160.00,156.33,158.06,158.06,"16,770,300"
"Sep 29, 2011",158.12,158.20,156.14,157.70,157.70,"17,340,800"
"Sep 28, 2011",160.73,161.29,155.56,156.22,156.22,"21,776,000"
"Sep 27, 2011",161.61,162.29,159.91,160.63,160.63,"25,124,200"
"Sep 26, 2011",157.12,158.80,154.19,157.58,157.58,"42,373,800"
"Sep 23, 2011",164.51,165.72,158.55,159.80,159.80,"52,981,400"
"Sep 22, 2011",169.30,170.32,167.48,169.05,169.05,"32,476,300"
"Sep 21, 2011",174.79,176.73,173.14,173.59,173.59,"16,431,300"
"Sep 20, 2011",173.18,176.37,172.84,175.78,175.78,"12,667,600"
"Sep 19, 2011",176.83,176.86,172.20,173.31,173.31,"18,301,100"
"Sep 16, 2011",173.72,177.40,173.71,176.03,176.03,"20,693,700"
"Sep 15, 2011",174.61,174.85,172.56,174.40,174.40,"20,897,000"
"Sep 14, 2011",177.55,177.78,176.05,177.21,177.21,"18,122,800"
"Sep 13, 2011",177.52,179.54,176.29,178.54,178.54,"17,246,400"
"Sep 12, 2011",178.73,178.99,175.33,176.67,176.67,"21,812,800"
"Sep 09, 2011",179.76,181.95,179.17,180.70,180.70,"25,429,600"
"Sep 08, 2011",181.39,182.12,179.77,181.81,181.81,"20,741,300"
"Sep 07, 2011",176.19,178.09,174.45,177.08,177.08,"30,760,000"
"Sep 06, 2011",184.58,185.85,181.31,182.90,182.90,"30,254,500"
"Sep 02, 2011",182.82,183.51,182.10,183.24,183.24,"19,911,200"
"Sep 01, 2011",177.44,178.26,176.55,177.87,177.87,"13,895,500"
"Aug 31, 2011",177.73,179.16,176.33,177.72,177.72,"16,054,400"
"Aug 30, 2011",177.70,179.31,176.66,179.10,179.10,"23,441,000"
"Aug 29, 2011",175.95,176.01,172.88,173.89,173.89,"25,265,500"
"Aug 26, 2011",173.57,177.55,171.75,177.47,177.47,"38,673,000"
"Aug 25, 2011",167.00,172.81,165.88,172.36,172.36,"43,273,700"
"Aug 24, 2011",177.90,178.31,170.31,171.65,171.65,"70,700,300"
"Aug 23, 2011",182.24,183.82,177.50,177.67,177.67,"55,265,400"
"Aug 22, 2011",181.95,184.82,181.60,184.59,184.59,"27,482,600"
"Aug 19, 2011",181.64,181.67,178.91,179.95,179.95,"34,398,100"
"Aug 18, 2011",177.15,178.10,176.41,177.72,177.72,"25,512,800"
"Aug 17, 2011",173.87,174.68,173.25,174.42,174.42,"16,482,000"
"Aug 16, 2011",172.60,174.07,172.50,173.92,173.92,"19,658,000"
"Aug 15, 2011",169.32,171.91,168.95,171.80,171.80,"17,798,000"
"Aug 12, 2011",169.57,170.06,167.77,169.97,169.97,"29,220,000"
"Aug 11, 2011",172.28,172.34,168.65,170.75,170.75,"49,888,300"
"Aug 10, 2011",172.46,175.13,171.62,174.58,174.58,"44,797,200"
"Aug 09, 2011",169.93,173.15,167.48,168.61,168.61,"55,765,800"
"Aug 08, 2011",165.48,167.61,164.76,167.12,167.12,"43,002,400"
"Aug 05, 2011",161.64,162.37,160.48,161.75,161.75,"24,554,700"
"Aug 04, 2011",163.61,163.87,159.68,160.64,160.64,"40,380,300"
"Aug 03, 2011",162.36,162.86,161.34,161.49,161.49,"27,823,700"
"Aug 02, 2011",159.33,161.62,158.97,161.52,161.52,"24,284,500"
"Aug 01, 2011",157.47,158.97,156.78,157.72,157.72,"14,825,700"
"Jul 29, 2011",158.43,159.25,157.68,158.29,158.29,"17,122,800"
"Jul 28, 2011",157.54,157.60,156.11,157.32,157.32,"11,369,100"
"Jul 27, 2011",158.47,158.64,156.69,157.19,157.19,"18,296,600"
"Jul 26, 2011",156.97,157.79,156.60,157.77,157.77,"11,735,500"
"Jul 25, 2011",157.60,157.80,156.72,157.34,157.34,"13,036,200"
"Jul 22, 2011",156.00,156.56,155.68,156.12,156.12,"11,378,700"
"Jul 21, 2011",155.91,156.04,154.33,154.83,154.83,"18,422,800"
"Jul 20, 2011",154.22,156.02,154.11,156.02,156.02,"14,559,300"
"Jul 19, 2011",156.32,156.32,154.10,154.66,154.66,"22,871,500"
"Jul 18, 2011",155.76,156.58,155.67,156.57,156.57,"17,133,400"
"Jul 15, 2011",154.34,155.29,154.22,155.20,155.20,"18,448,400"
"Jul 14, 2011",154.81,155.24,153.95,154.54,154.54,"17,613,600"
"Jul 13, 2011",153.76,154.71,153.58,154.14,154.14,"26,351,000"
"Jul 12, 2011",151.24,153.32,150.77,152.77,152.77,"24,033,700"
"Jul 11, 2011",151.33,151.69,150.20,151.59,151.59,"20,447,200"
"Jul 08, 2011",150.32,150.50,149.99,150.25,150.25,"13,662,300"
"Jul 07, 2011",148.97,149.35,148.29,149.15,149.15,"9,520,900"
"Jul 06, 2011",148.70,149.44,148.58,148.91,148.91,"14,502,500"
"Jul 05, 2011",146.96,147.82,146.85,147.63,147.63,"11,278,200"
"Jul 01, 2011",144.76,145.07,143.97,144.93,144.93,"16,366,500"
"Jun 30, 2011",147.18,147.41,145.98,146.00,146.00,"12,657,100"
"Jun 29, 2011",146.77,147.42,146.44,147.18,147.18,"12,624,600"
"Jun 28, 2011",146.16,146.77,145.67,146.24,146.24,"8,813,800"
"Jun 27, 2011",145.93,146.40,145.20,145.73,145.73,"11,602,500"
"Jun 24, 2011",147.86,148.02,145.97,146.26,146.26,"19,301,400"
"Jun 23, 2011",148.67,148.84,147.26,148.34,148.34,"24,869,600"
"Jun 22, 2011",151.01,151.86,150.56,150.99,150.99,"14,109,700"
"Jun 21, 2011",150.26,150.87,150.18,150.76,150.76,"12,439,200"
"Jun 20, 2011",150.08,150.79,149.58,150.03,150.03,"10,463,400"
"Jun 17, 2011",148.87,150.29,148.83,149.94,149.94,"19,205,100"
"Jun 16, 2011",148.83,149.49,148.22,148.97,148.97,"11,035,000"
"Jun 15, 2011",148.16,149.55,147.92,149.12,149.12,"14,550,700"
"Jun 14, 2011",147.70,148.73,147.48,148.67,148.67,"10,938,500"
"Jun 13, 2011",148.66,149.04,147.19,147.77,147.77,"12,989,300"
"Jun 10, 2011",149.04,149.78,148.69,149.24,149.24,"12,344,900"
"Jun 09, 2011",150.01,151.02,149.75,150.56,150.56,"7,643,200"
"Jun 08, 2011",150.02,150.38,149.30,149.81,149.81,"9,612,500"
"Jun 07, 2011",150.67,150.85,149.68,150.42,150.42,"10,140,500"
"Jun 06, 2011",150.82,151.45,150.21,150.48,150.48,"11,472,600"
"Jun 03, 2011",150.28,150.66,149.62,150.22,150.22,"12,606,400"
"Jun 02, 2011",150.15,150.38,148.07,149.50,149.50,"13,552,700"
"Jun 01, 2011",149.66,151.13,149.43,149.91,149.91,"18,365,400"
"May 31, 2011",149.88,150.16,149.41,149.64,149.64,"10,499,300"
"May 27, 2011",149.02,149.92,148.96,149.70,149.70,"10,186,200"
"May 26, 2011",148.45,148.61,147.59,148.22,148.22,"9,785,500"
"May 25, 2011",148.72,149.37,148.52,148.58,148.58,"10,973,800"
"May 24, 2011",148.48,149.05,148.18,148.59,148.59,"14,948,000"
"May 23, 2011",147.04,147.95,146.97,147.83,147.83,"15,937,600"
"May 20, 2011",145.82,147.78,144.90,147.49,147.49,"23,187,900"
"May 19, 2011",145.12,145.85,144.86,145.65,145.65,"8,098,100"
"May 18, 2011",145.55,146.22,145.14,145.60,145.60,"10,502,900"
"May 17, 2011",144.23,144.78,143.42,144.74,144.74,"17,192,100"
"May 16, 2011",145.88,146.67,145.19,145.37,145.37,"10,066,800"
"May 13, 2011",146.72,147.28,144.49,145.63,145.63,"17,268,700"
"May 12, 2011",145.88,147.12,144.96,146.59,146.59,"18,730,400"
"May 11, 2011",147.24,147.35,145.77,146.54,146.54,"21,378,300"
"May 10, 2011",147.19,148.19,146.93,147.90,147.90,"11,285,200"
"May 09, 2011",146.67,147.58,146.34,147.38,147.38,"13,854,800"
"May 06, 2011",145.24,146.09,144.40,145.30,145.30,"24,182,200"
"May 05, 2011",146.82,147.58,142.55,143.47,143.47,"51,284,000"
"May 04, 2011",149.86,150.34,146.76,147.73,147.73,"35,107,000"
"May 03, 2011",150.43,150.97,148.85,149.88,149.88,"24,215,600"
"May 02, 2011",151.46,153.61,150.36,150.41,150.41,"24,094,100"
"Apr 29, 2011",149.90,153.03,149.75,152.37,152.37,"27,600,000"
"Apr 28, 2011",149.30,150.00,148.60,149.82,149.82,"20,754,000"
"Apr 27, 2011",147.38,149.21,146.52,149.20,149.20,"21,945,900"
"Apr 26, 2011",146.47,146.62,145.48,146.38,146.38,"16,200,000"
"Apr 25, 2011",147.57,147.58,146.42,146.87,146.87,"15,596,400"
"Apr 21, 2011",146.57,147.06,146.32,146.74,146.74,"10,109,400"
"Apr 20, 2011",146.37,146.84,145.74,146.50,146.50,"13,716,800"
"Apr 19, 2011",145.73,146.24,145.18,145.93,145.93,"10,950,100"
"Apr 18, 2011",145.21,146.07,144.63,145.93,145.93,"17,340,100"
"Apr 15, 2011",143.85,145.12,143.57,145.05,145.05,"19,121,600"
"Apr 14, 2011",142.35,143.83,142.23,143.81,143.81,"14,174,100"
"Apr 13, 2011",142.39,142.53,141.48,141.90,141.90,"13,884,200"
"Apr 12, 2011",142.74,142.82,140.75,141.61,141.61,"14,948,100"
"Apr 11, 2011",143.28,143.49,142.28,142.64,142.64,"10,105,600"
"Apr 08, 2011",143.34,143.84,142.97,143.66,143.66,"13,128,200"
"Apr 07, 2011",142.23,142.89,141.80,142.51,142.51,"9,486,800"
"Apr 06, 2011",142.40,142.62,141.77,142.38,142.38,"10,710,300"
"Apr 05, 2011",139.58,142.09,139.52,142.05,142.05,"18,295,300"
"Apr 04, 2011",140.13,140.26,139.45,139.84,139.84,"9,685,100"
"Apr 01, 2011",138.65,139.55,137.72,139.20,139.20,"15,738,300"
"Mar 31, 2011",140.08,140.40,139.78,139.86,139.86,"15,227,300"
"Mar 30, 2011",139.07,139.18,137.68,138.67,138.67,"10,749,400"
"Mar 29, 2011",138.21,138.82,137.94,138.21,138.21,"6,345,200"
"Mar 28, 2011",137.82,138.83,137.78,138.54,138.54,"7,656,000"
"Mar 25, 2011",140.00,140.24,138.66,139.26,139.26,"13,191,100"
"Mar 24, 2011",140.27,141.28,138.83,139.22,139.22,"17,016,600"
"Mar 23, 2011",139.61,140.55,139.55,140.34,140.34,"11,541,000"
"Mar 22, 2011",138.88,139.36,138.67,139.05,139.05,"9,553,700"
"Mar 21, 2011",139.50,139.91,138.97,139.14,139.14,"13,742,500"
"Mar 18, 2011",138.14,138.83,137.76,138.37,138.37,"18,602,000"
"Mar 17, 2011",136.56,137.08,136.25,136.97,136.97,"9,117,400"
"Mar 16, 2011",136.52,137.20,135.80,136.24,136.24,"13,392,500"
"Mar 15, 2011",135.35,136.94,135.23,136.27,136.27,"23,465,100"
"Mar 14, 2011",139.33,139.55,138.61,138.86,138.86,"10,239,300"
"Mar 11, 2011",137.29,138.93,137.18,138.22,138.22,"10,416,900"
"Mar 10, 2011",138.50,138.50,136.85,137.77,137.77,"15,559,100"
"Mar 09, 2011",139.92,139.95,138.94,139.41,139.41,"8,736,400"
"Mar 08, 2011",139.65,139.66,138.83,139.36,139.36,"10,730,500"
"Mar 07, 2011",140.29,140.61,139.28,139.72,139.72,"14,068,900"
"Mar 04, 2011",138.63,139.75,138.61,139.35,139.35,"17,454,600"
"Mar 03, 2011",138.81,139.13,137.57,138.09,138.09,"16,485,000"
"Mar 02, 2011",140.24,140.55,139.48,139.92,139.92,"15,719,800"
"Mar 01, 2011",138.57,140.03,138.49,140.03,140.03,"17,438,100"
"Feb 28, 2011",137.65,138.14,137.03,137.66,137.66,"8,847,000"
"Feb 25, 2011",137.22,137.74,136.77,137.38,137.38,"10,351,400"
"Feb 24, 2011",138.04,138.14,135.73,136.48,136.48,"18,781,700"
"Feb 23, 2011",136.97,138.20,136.92,137.51,137.51,"15,685,700"
"Feb 22, 2011",136.92,137.22,136.19,136.29,136.29,"16,676,100"
"Feb 18, 2011",135.17,135.80,134.88,135.41,135.41,"15,890,100"
"Feb 17, 2011",134.74,135.16,134.47,135.04,135.04,"11,322,200"
"Feb 16, 2011",134.23,134.86,133.45,134.10,134.10,"12,822,800"
"Feb 15, 2011",133.86,134.17,133.63,133.97,133.97,"10,111,200"
"Feb 14, 2011",132.95,133.38,132.70,132.95,132.95,"8,694,200"
"Feb 11, 2011",133.01,133.44,132.09,132.32,132.32,"9,888,600"
"Feb 10, 2011",132.11,133.31,132.00,132.85,132.85,"8,105,200"
"Feb 09, 2011",133.19,133.39,132.49,133.07,133.07,"10,178,400"
"Feb 08, 2011",132.96,133.50,132.80,133.14,133.14,"16,220,900"
"Feb 07, 2011",131.67,131.95,131.23,131.68,131.68,"7,176,300"
"Feb 04, 2011",131.84,132.70,131.23,131.66,131.66,"15,214,300"
"Feb 03, 2011",130.07,132.32,129.28,132.20,132.20,"17,374,700"
"Feb 02, 2011",130.37,130.60,129.45,130.45,130.45,"10,082,000"
"Feb 01, 2011",130.52,131.08,129.33,130.80,130.80,"15,363,700"
"Jan 31, 2011",129.27,130.51,129.25,129.87,129.87,"14,664,100"
"Jan 28, 2011",127.97,131.48,127.95,130.28,130.28,"28,091,500"
"Jan 27, 2011",130.29,130.49,127.80,127.93,127.93,"33,047,000"
"Jan 26, 2011",129.83,131.17,129.28,131.16,131.16,"20,543,000"
"Jan 25, 2011",129.65,130.27,129.07,130.10,130.10,"22,219,700"
"Jan 24, 2011",131.01,131.63,130.14,130.36,130.36,"15,127,200"
"Jan 21, 2011",130.76,131.43,130.53,131.03,131.03,"19,488,400"
"Jan 20, 2011",131.76,132.10,131.04,131.20,131.20,"24,362,900"
"Jan 19, 2011",134.34,134.40,133.40,133.72,133.72,"11,788,100"
"Jan 18, 2011",133.63,134.00,133.17,133.43,133.43,"11,592,900"
"Jan 14, 2011",133.17,133.60,132.22,132.69,132.69,"21,224,900"
"Jan 13, 2011",135.66,135.68,133.63,134.05,134.05,"14,294,600"
"Jan 12, 2011",134.79,135.58,134.35,135.46,135.46,"10,785,100"
"Jan 11, 2011",134.79,135.16,133.96,134.91,134.91,"10,268,400"
"Jan 10, 2011",133.85,134.20,133.24,134.12,134.12,"8,429,900"
"Jan 07, 2011",133.38,134.61,133.18,133.58,133.58,"16,761,400"
"Jan 06, 2011",134.05,134.38,133.14,133.83,133.83,"15,965,300"
"Jan 05, 2011",133.50,134.68,133.10,134.37,134.37,"16,700,900"
"Jan 04, 2011",136.24,136.28,134.16,134.75,134.75,"26,154,300"
"Jan 03, 2011",138.67,139.00,137.88,138.00,138.00,"11,510,200"
"Dec 31, 2010",137.78,138.77,137.72,138.72,138.72,"9,219,800"
"Dec 30, 2010",137.58,137.71,136.94,137.03,137.03,"5,749,400"
"Dec 29, 2010",137.38,138.05,137.19,137.71,137.71,"8,442,300"
"Dec 28, 2010",136.85,137.34,136.62,137.22,137.22,"10,111,800"
"Dec 27, 2010",134.96,135.06,134.49,135.02,135.02,"3,436,400"
"Dec 23, 2010",134.26,134.90,133.93,134.66,134.66,"8,700,800"
"Dec 22, 2010",135.60,135.70,134.97,135.05,135.05,"7,300,600"
"Dec 21, 2010",135.17,135.78,134.79,135.32,135.32,"10,235,600"
"Dec 20, 2010",135.13,135.44,134.33,135.11,135.11,"13,142,300"
"Dec 17, 2010",133.97,134.63,133.22,134.20,134.20,"17,213,000"
"Dec 16, 2010",134.21,134.23,132.86,133.81,133.81,"23,463,000"
"Dec 15, 2010",135.34,135.93,134.68,134.70,134.70,"15,089,500"
"Dec 14, 2010",136.27,137.21,135.86,136.18,136.18,"17,430,800"
"Dec 13, 2010",136.26,136.64,135.86,136.05,136.05,"13,352,400"
"Dec 10, 2010",134.94,135.48,133.95,135.41,135.41,"11,937,900"
"Dec 09, 2010",135.69,136.16,134.88,135.37,135.37,"14,157,600"
"Dec 08, 2010",135.91,136.29,133.88,134.79,134.79,"23,483,300"
"Dec 07, 2010",139.46,139.54,136.46,136.50,136.50,"26,490,400"
"Dec 06, 2010",138.14,139.46,137.73,139.11,139.11,"15,640,800"
"Dec 03, 2010",136.62,138.11,136.48,138.07,138.07,"16,517,200"
"Dec 02, 2010",135.62,136.59,135.15,135.20,135.20,"17,583,800"
"Dec 01, 2010",135.71,136.14,134.96,135.38,135.38,"16,831,100"
"Nov 30, 2010",135.21,135.75,134.78,135.42,135.42,"17,473,100"
"Nov 29, 2010",133.19,133.75,132.33,133.51,133.51,"13,983,800"
"Nov 26, 2010",132.38,133.16,131.93,133.11,133.11,"7,822,400"
"Nov 24, 2010",134.36,134.70,133.74,134.18,134.18,"8,858,100"
"Nov 23, 2010",133.60,135.07,133.46,134.41,134.41,"18,215,200"
"Nov 22, 2010",132.13,133.60,131.69,133.48,133.48,"13,093,400"
"Nov 19, 2010",131.48,132.35,131.01,132.20,132.20,"14,146,400"
"Nov 18, 2010",131.82,132.78,131.55,132.09,132.09,"16,009,400"
"Nov 17, 2010",130.77,131.37,130.13,130.38,130.38,"16,432,100"
"Nov 16, 2010",132.24,132.38,129.83,130.97,130.97,"32,478,100"
"Nov 15, 2010",133.86,134.49,132.39,132.42,132.42,"15,096,800"
"Nov 12, 2010",135.89,136.31,132.82,133.69,133.69,"35,885,900"
"Nov 11, 2010",137.62,137.75,136.45,137.66,137.66,"15,447,500"
"Nov 10, 2010",137.03,137.28,135.15,137.24,137.24,"28,484,700"
"Nov 09, 2010",138.70,139.15,135.05,135.59,135.59,"39,445,200"
"Nov 08, 2010",135.92,137.79,135.53,137.78,137.78,"17,367,400"
"Nov 05, 2010",135.14,136.61,134.95,136.38,136.38,"20,342,500"
"Nov 04, 2010",134.64,136.13,134.24,136.03,136.03,"23,464,700"
"Nov 03, 2010",132.28,132.52,129.48,131.57,131.57,"31,702,100"
"Nov 02, 2010",132.44,132.59,131.88,132.49,132.49,"9,396,900"
"Nov 01, 2010",132.85,133.07,131.76,131.92,131.92,"12,403,600"
"Oct 29, 2010",131.48,132.82,131.06,132.62,132.62,"14,334,900"
"Oct 28, 2010",130.36,131.50,129.84,131.24,131.24,"15,889,600"
"Oct 27, 2010",129.93,130.00,128.79,129.52,129.52,"16,132,100"
"Oct 26, 2010",129.99,131.14,129.73,130.88,130.88,"10,710,900"
"Oct 25, 2010",131.16,131.38,130.21,130.85,130.85,"12,154,900"
"Oct 22, 2010",129.47,129.75,128.97,129.73,129.73,"11,885,300"
"Oct 21, 2010",131.08,131.59,128.72,129.47,129.47,"21,804,200"
"Oct 20, 2010",130.36,131.65,130.32,131.32,131.32,"12,556,600"
"Oct 19, 2010",130.46,131.59,129.75,130.11,130.11,"25,327,200"
"Oct 18, 2010",133.46,134.34,133.16,134.28,134.28,"12,289,500"
"Oct 15, 2010",134.24,134.46,133.07,133.68,133.68,"26,168,600"
"Oct 14, 2010",134.06,134.85,133.90,134.75,134.75,"26,890,500"
"Oct 13, 2010",132.73,134.31,132.63,134.07,134.07,"18,398,500"
"Oct 12, 2010",132.06,132.21,131.36,131.96,131.96,"13,289,200"
"Oct 11, 2010",131.28,132.33,130.98,132.29,132.29,"10,621,300"
"Oct 08, 2010",130.78,131.88,130.47,131.66,131.66,"18,693,300"
"Oct 07, 2010",132.60,132.67,129.51,130.37,130.37,"38,676,800"
"Oct 06, 2010",131.45,131.86,131.34,131.81,131.81,"16,142,200"
"Oct 05, 2010",130.11,131.12,129.87,130.99,130.99,"17,489,600"
"Oct 04, 2010",128.52,128.62,128.22,128.46,128.46,"8,368,000"
"Oct 01, 2010",127.91,129.07,127.91,128.91,128.91,"17,211,900"
"Sep 30, 2010",128.15,128.28,126.61,127.91,127.91,"19,213,400"
"Sep 29, 2010",127.93,128.24,127.52,127.95,127.95,"12,328,900"
"Sep 28, 2010",126.42,128.03,126.11,127.85,127.85,"19,857,200"
"Sep 27, 2010",126.90,126.91,126.48,126.72,126.72,"6,679,700"
"Sep 24, 2010",126.91,127.00,126.30,126.69,126.69,"14,945,000"
"Sep 23, 2010",126.20,126.66,125.81,126.30,126.30,"9,325,200"
"Sep 22, 2010",126.58,126.63,125.70,126.20,126.20,"11,046,900"
"Sep 21, 2010",124.77,126.17,124.16,126.01,126.01,"20,408,400"
"Sep 20, 2010",125.09,125.45,124.78,124.87,124.87,"8,475,800"
"Sep 17, 2010",125.03,125.03,124.27,124.54,124.54,"13,819,200"
"Sep 16, 2010",124.50,124.77,124.19,124.63,124.63,"12,672,800"
"Sep 15, 2010",123.97,124.29,123.43,123.94,123.94,"11,689,100"
"Sep 14, 2010",122.92,124.59,121.55,124.02,124.02,"26,588,900"
"Sep 13, 2010",121.63,122.11,121.39,121.62,121.62,"9,693,300"
"Sep 10, 2010",121.40,122.30,121.39,121.73,121.73,"12,510,000"
"Sep 09, 2010",122.44,122.88,121.38,121.56,121.56,"13,745,000"
"Sep 08, 2010",122.82,123.42,122.60,122.71,122.71,"9,788,900"
"Sep 07, 2010",122.91,123.06,122.63,122.70,122.70,"8,777,500"
"Sep 03, 2010",121.39,122.39,121.15,121.86,121.86,"9,074,500"
"Sep 02, 2010",122.38,122.48,121.89,122.29,122.29,"7,002,100"
"Sep 01, 2010",122.15,122.21,121.43,121.69,121.69,"11,873,500"
"Aug 31, 2010",121.77,122.19,121.46,122.08,122.08,"12,249,700"
"Aug 30, 2010",120.85,121.06,120.58,120.91,120.91,"4,390,900"
"Aug 27, 2010",121.20,121.45,120.42,121.01,121.01,"11,155,400"
"Aug 26, 2010",121.09,122.95,120.50,120.96,120.96,"8,886,600"
"Aug 25, 2010",121.12,121.38,120.67,121.36,121.36,"13,987,100"
"Aug 24, 2010",118.77,120.80,118.71,120.36,120.36,"14,811,400"
"Aug 23, 2010",119.91,120.07,119.42,119.78,119.78,"4,857,800"
"Aug 20, 2010",119.97,120.07,119.45,119.97,119.97,"10,682,100"
"Aug 19, 2010",120.65,120.99,120.11,120.39,120.39,"10,014,500"
"Aug 18, 2010",119.23,120.51,119.00,120.22,120.22,"12,102,500"
"Aug 17, 2010",119.75,119.97,119.60,119.75,119.75,"9,145,400"
"Aug 16, 2010",119.70,119.82,119.46,119.73,119.73,"8,948,300"
"Aug 13, 2010",118.82,118.89,118.36,118.74,118.74,"10,213,200"
"Aug 12, 2010",118.56,118.86,118.46,118.77,118.77,"12,327,000"
"Aug 11, 2010",117.74,118.14,116.58,117.34,117.34,"12,436,900"
"Aug 10, 2010",116.59,118.09,116.40,117.73,117.73,"10,444,900"
"Aug 09, 2010",117.76,117.85,117.23,117.40,117.40,"6,751,400"
"Aug 06, 2010",117.99,118.42,117.49,117.84,117.84,"10,001,700"
"Aug 05, 2010",117.01,117.10,116.35,116.98,116.98,"7,023,000"
"Aug 04, 2010",117.41,117.65,116.65,116.72,116.72,"10,323,200"
"Aug 03, 2010",115.88,116.44,115.81,115.99,115.99,"5,579,400"
"Aug 02, 2010",116.12,116.39,115.20,115.54,115.54,"8,473,400"
"Jul 30, 2010",114.36,115.73,114.08,115.49,115.49,"10,093,200"
"Jul 29, 2010",113.54,114.35,113.34,114.29,114.29,"9,476,300"
"Jul 28, 2010",113.48,113.93,113.08,113.78,113.78,"16,071,500"
"Jul 27, 2010",114.95,114.99,113.21,113.51,113.51,"29,524,800"
"Jul 26, 2010",116.38,116.47,115.30,115.52,115.52,"11,219,000"
"Jul 23, 2010",117.12,117.47,115.79,116.09,116.09,"8,337,000"
"Jul 22, 2010",115.95,117.50,115.91,116.86,116.86,"8,161,000"
"Jul 21, 2010",116.80,117.00,115.71,115.85,115.85,"9,396,200"
"Jul 20, 2010",115.75,116.74,115.48,116.65,116.65,"9,263,100"
"Jul 19, 2010",115.57,115.80,115.11,115.73,115.73,"15,723,900"
"Jul 16, 2010",116.69,116.79,115.95,116.67,116.67,"17,494,400"
"Jul 15, 2010",118.59,118.70,117.73,118.23,118.23,"8,586,900"
"Jul 14, 2010",118.26,119.13,117.59,118.30,118.30,"9,574,800"
"Jul 13, 2010",118.98,119.10,118.36,118.36,118.36,"8,423,700"
"Jul 12, 2010",117.83,118.20,116.97,117.34,117.34,"7,506,700"
"Jul 09, 2010",118.14,118.73,118.00,118.36,118.36,"9,596,800"
"Jul 08, 2010",117.39,117.41,116.10,117.21,117.21,"11,315,100"
"Jul 07, 2010",116.57,117.78,116.50,117.73,117.73,"10,930,100"
"Jul 06, 2010",117.67,117.72,116.30,116.51,116.51,"16,846,900"
"Jul 02, 2010",118.21,118.50,117.41,118.49,118.49,"14,732,800"
"Jul 01, 2010",120.91,121.03,116.98,117.04,117.04,"33,248,900"
"Jun 30, 2010",121.07,122.09,120.88,121.68,121.68,"12,016,300"
"Jun 29, 2010",121.05,121.82,120.02,121.27,121.27,"17,334,700"
"Jun 28, 2010",122.79,123.56,120.81,121.09,121.09,"19,650,700"
"Jun 25, 2010",122.75,123.13,122.49,122.76,122.76,"9,986,700"
"Jun 24, 2010",120.76,122.16,120.67,121.30,121.30,"13,137,700"
"Jun 23, 2010",120.89,121.02,119.77,120.95,120.95,"14,120,400"
"Jun 22, 2010",121.16,121.59,120.87,121.45,121.45,"12,940,900"
"Jun 21, 2010",123.09,123.11,120.36,120.39,120.39,"20,041,700"
"Jun 18, 2010",123.04,123.50,122.81,122.83,122.83,"19,429,900"
"Jun 17, 2010",121.64,122.41,121.49,121.90,121.90,"19,792,200"
"Jun 16, 2010",120.68,120.89,120.04,120.33,120.33,"10,500,500"
"Jun 15, 2010",119.71,121.03,119.48,120.99,120.99,"15,073,000"
"Jun 14, 2010",119.63,120.26,118.96,119.60,119.60,"11,002,800"
"Jun 11, 2010",119.88,120.41,119.33,120.01,120.01,"7,829,400"
"Jun 10, 2010",119.36,120.04,118.83,118.97,118.97,"13,687,900"
"Jun 09, 2010",120.48,120.99,119.51,120.56,120.56,"12,884,600"
"Jun 08, 2010",121.61,122.45,120.66,121.00,121.00,"23,404,800"
"Jun 07, 2010",118.73,121.80,118.62,121.49,121.49,"20,238,600"
"Jun 04, 2010",117.96,119.39,117.05,119.19,119.19,"16,532,500"
"Jun 03, 2010",119.16,119.39,117.48,117.96,117.96,"13,855,200"
"Jun 02, 2010",119.35,119.88,118.72,119.78,119.78,"10,339,300"
"Jun 01, 2010",119.88,120.25,119.63,119.91,119.91,"12,207,800"
"May 28, 2010",118.48,118.90,117.63,118.88,118.88,"11,579,400"
"May 27, 2010",118.16,119.04,118.14,118.69,118.69,"10,418,500"
"May 26, 2010",118.58,119.08,118.32,118.47,118.47,"13,153,500"
"May 25, 2010",117.16,117.52,116.82,117.36,117.36,"21,232,700"
"May 24, 2010",116.34,117.17,116.04,116.84,116.84,"14,300,500"
"May 21, 2010",115.05,116.24,114.51,115.22,115.22,"20,098,300"
"May 20, 2010",116.14,116.95,115.18,115.84,115.84,"28,908,200"
"May 19, 2010",118.19,118.43,116.08,116.63,116.63,"34,412,400"
"May 18, 2010",118.86,120.32,118.50,119.49,119.49,"26,595,300"
"May 17, 2010",120.55,121.12,119.29,119.36,119.36,"27,898,000"
"May 14, 2010",121.88,122.02,119.12,120.37,120.37,"34,643,200"
"May 13, 2010",121.29,121.71,120.10,120.56,120.56,"22,340,400"
"May 12, 2010",121.28,122.24,120.77,121.40,121.40,"32,703,600"
"May 11, 2010",119.46,120.87,118.97,120.66,120.66,"36,731,800"
"May 10, 2010",117.50,117.90,116.81,117.57,117.57,"28,433,800"
"May 07, 2010",117.64,118.88,116.74,118.27,118.27,"34,272,700"
"May 06, 2010",115.62,118.62,115.57,118.49,118.49,"50,546,300"
"May 05, 2010",113.58,115.24,113.31,115.09,115.09,"21,616,700"
"May 04, 2010",116.39,116.43,114.17,114.87,114.87,"21,512,100"
"May 03, 2010",115.91,116.28,115.53,115.73,115.73,"13,570,800"
"Apr 30, 2010",115.26,115.70,115.21,115.36,115.36,"13,403,100"
"Apr 29, 2010",113.85,114.52,113.84,114.28,114.28,"10,374,300"
"Apr 28, 2010",114.03,114.99,113.63,114.31,114.31,"26,891,900"
"Apr 27, 2010",112.43,114.82,112.34,114.63,114.63,"25,057,100"
"Apr 26, 2010",112.88,113.20,112.63,112.75,112.75,"8,335,400"
"Apr 23, 2010",111.26,113.30,111.09,113.19,113.19,"12,505,800"
"Apr 22, 2010",111.79,112.01,110.76,111.84,111.84,"9,598,900"
"Apr 21, 2010",111.82,112.64,111.48,112.31,112.31,"6,842,900"
"Apr 20, 2010",111.73,112.21,111.33,111.46,111.46,"7,019,800"
"Apr 19, 2010",110.88,111.36,110.67,111.15,111.15,"7,993,700"
"Apr 16, 2010",112.50,113.07,110.54,111.24,111.24,"24,572,600"
"Apr 15, 2010",112.90,113.71,112.85,113.65,113.65,"10,952,100"
"Apr 14, 2010",113.23,113.66,112.78,113.03,113.03,"10,572,100"
"Apr 13, 2010",113.12,113.16,112.06,112.69,112.69,"11,261,100"
"Apr 12, 2010",113.64,114.13,112.98,113.01,113.01,"11,118,900"
"Apr 09, 2010",113.09,114.07,112.74,113.64,113.64,"16,427,800"
"Apr 08, 2010",112.47,112.98,112.13,112.65,112.65,"12,445,400"
"Apr 07, 2010",111.85,112.93,111.77,112.49,112.49,"19,139,500"
"Apr 06, 2010",110.89,111.51,110.83,111.03,111.03,"10,322,300"
"Apr 05, 2010",110.56,110.98,110.27,110.89,110.89,"8,207,900"
"Apr 01, 2010",109.97,110.47,109.92,110.26,110.26,"11,370,500"
"Mar 31, 2010",109.44,109.50,108.85,108.95,108.95,"14,006,800"
"Mar 30, 2010",108.57,108.66,107.87,107.97,107.97,"9,817,700"
"Mar 29, 2010",108.87,109.17,108.40,108.75,108.75,"11,527,000"
"Mar 26, 2010",107.16,108.70,106.82,108.59,108.59,"17,433,600"
"Mar 25, 2010",107.00,107.25,106.48,106.78,106.78,"16,866,700"
"Mar 24, 2010",106.94,107.07,106.24,106.30,106.30,"14,236,700"
"Mar 23, 2010",107.50,108.50,107.34,108.32,108.32,"11,274,400"
"Mar 22, 2010",107.31,108.00,106.95,107.75,107.75,"11,579,400"
"Mar 19, 2010",108.28,110.29,107.85,108.28,108.28,"24,329,100"
"Mar 18, 2010",110.10,110.61,109.50,110.34,110.34,"13,848,400"
"Mar 17, 2010",110.18,110.46,109.55,109.59,109.59,"13,784,300"
"Mar 16, 2010",110.02,110.57,109.70,110.40,110.40,"17,749,300"
"Mar 15, 2010",108.16,108.56,107.82,108.36,108.36,"7,698,600"
"Mar 12, 2010",108.56,108.77,107.45,107.95,107.95,"11,849,000"
"Mar 11, 2010",108.28,108.65,107.86,108.60,108.60,"9,513,300"
"Mar 10, 2010",109.94,110.50,108.02,108.47,108.47,"21,982,100"
"Mar 09, 2010",109.16,110.16,109.04,109.72,109.72,"12,650,800"
"Mar 08, 2010",111.22,111.30,109.52,109.88,109.88,"12,753,800"
"Mar 05, 2010",111.13,111.75,110.80,110.81,110.81,"11,091,400"
"Mar 04, 2010",111.25,111.37,110.22,110.83,110.83,"12,944,800"
"Mar 03, 2010",111.46,112.18,111.18,111.63,111.63,"16,222,100"
"Mar 02, 2010",109.86,111.45,109.86,111.02,111.02,"20,102,200"
"Mar 01, 2010",109.48,109.90,108.97,109.43,109.43,"12,830,900"
"Feb 26, 2010",108.89,109.60,108.41,109.43,109.43,"13,033,900"
"Feb 25, 2010",106.70,108.70,106.60,108.31,108.31,"23,400,400"
"Feb 24, 2010",107.33,108.16,107.10,107.36,107.36,"17,207,400"
"Feb 23, 2010",108.84,108.91,107.65,107.89,107.89,"13,629,600"
"Feb 22, 2010",109.86,109.97,108.66,109.07,109.07,"10,742,800"
"Feb 19, 2010",109.32,110.39,108.81,109.47,109.47,"21,928,700"
"Feb 18, 2010",109.61,110.11,109.19,109.98,109.98,"19,177,400"
"Feb 17, 2010",109.66,110.01,108.87,109.25,109.25,"19,593,400"
"Feb 16, 2010",109.45,109.87,109.10,109.62,109.62,"20,895,700"
"Feb 12, 2010",106.08,107.10,105.57,107.04,107.04,"14,464,200"
"Feb 11, 2010",105.58,107.56,105.27,107.13,107.13,"19,350,100"
"Feb 10, 2010",105.13,105.50,104.11,105.12,105.12,"16,215,200"
"Feb 09, 2010",105.18,106.15,104.87,105.41,105.41,"25,959,200"
"Feb 08, 2010",104.41,105.14,104.00,104.04,104.04,"17,176,600"
"Feb 05, 2010",103.76,104.68,102.28,104.68,104.68,"32,656,700"
"Feb 04, 2010",106.79,106.80,103.75,104.37,104.37,"39,991,900"
"Feb 03, 2010",109.10,109.54,108.43,108.70,108.70,"13,393,200"
"Feb 02, 2010",109.16,109.60,108.61,109.13,109.13,"14,292,200"
"Feb 01, 2010",106.64,108.48,106.37,108.35,108.35,"14,901,900"
"Jan 29, 2010",105.88,106.30,105.27,105.96,105.96,"20,278,800"
"Jan 28, 2010",107.18,107.23,105.18,106.48,106.48,"16,793,900"
"Jan 27, 2010",107.53,108.80,106.16,106.53,106.53,"19,005,100"
"Jan 26, 2010",106.87,107.99,106.75,107.56,107.56,"12,297,100"
"Jan 25, 2010",107.44,107.72,107.07,107.48,107.48,"13,200,500"
"Jan 22, 2010",106.93,107.68,106.01,107.17,107.17,"24,210,100"
"Jan 21, 2010",108.48,108.78,106.61,107.37,107.37,"25,748,400"
"Jan 20, 2010",109.97,110.05,108.46,108.94,108.94,"17,535,000"
"Jan 19, 2010",110.95,111.75,110.83,111.52,111.52,"10,468,200"
"Jan 15, 2010",111.35,112.01,110.38,110.86,110.86,"18,002,700"
"Jan 14, 2010",111.51,112.37,110.79,112.03,112.03,"18,305,300"
"Jan 13, 2010",110.92,111.57,109.57,111.54,111.54,"20,014,000"
"Jan 12, 2010",112.38,113.05,110.14,110.49,110.49,"29,182,600"
"Jan 11, 2010",113.34,113.59,112.52,112.85,112.85,"17,253,000"
"Jan 08, 2010",111.52,111.58,110.26,111.37,111.37,"15,894,600"
"Jan 07, 2010",111.07,111.29,110.62,110.82,110.82,"13,609,800"
"Jan 06, 2010",110.71,111.77,110.41,111.51,111.51,"24,981,900"
"Jan 05, 2010",109.88,110.39,109.26,109.70,109.70,"14,213,100"
"Jan 04, 2010",109.82,110.14,109.31,109.80,109.80,"16,224,100"